2025-06-30 20:48:29,243:WARNING:
'cuml' is a soft dependency and not included in the pycaret installation. Please run: `pip install cuml` to install.
2025-06-30 20:48:29,244:WARNING:
'cuml' is a soft dependency and not included in the pycaret installation. Please run: `pip install cuml` to install.
2025-06-30 20:48:29,245:WARNING:
'cuml' is a soft dependency and not included in the pycaret installation. Please run: `pip install cuml` to install.
2025-06-30 20:48:29,245:WARNING:
'cuml' is a soft dependency and not included in the pycaret installation. Please run: `pip install cuml` to install.
2025-06-30 20:52:05,722:INFO:PyCaret RegressionExperiment
2025-06-30 20:52:05,722:INFO:Logging name: reg-default-name
2025-06-30 20:52:05,722:INFO:ML Usecase: MLUsecase.REGRESSION
2025-06-30 20:52:05,723:INFO:version 3.3.2
2025-06-30 20:52:05,723:INFO:Initializing setup()
2025-06-30 20:52:05,723:INFO:self.USI: 3eff
2025-06-30 20:52:05,723:INFO:self._variable_keys: {'pipeline', 'y', 'gpu_n_jobs_param', 'n_jobs_param', '_available_plots', 'html_param', 'X', 'exp_name_log', 'fold_groups_param', 'target_param', 'fold_shuffle_param', 'seed', 'X_test', 'idx', 'y_train', 'memory', 'data', 'log_plots_param', 'USI', '_ml_usecase', 'X_train', 'gpu_param', 'transform_target_param', 'fold_generator', 'exp_id', 'logging_param', 'y_test'}
2025-06-30 20:52:05,723:INFO:Checking environment
2025-06-30 20:52:05,723:INFO:python_version: 3.11.10
2025-06-30 20:52:05,724:INFO:python_build: ('main', 'Sep  7 2024 18:35:41')
2025-06-30 20:52:05,724:INFO:machine: aarch64
2025-06-30 20:52:05,724:INFO:platform: Linux-5.15.0-1072-aws-aarch64-with-glibc2.35
2025-06-30 20:52:05,724:INFO:Memory: svmem(total=16444416000, available=6609059840, percent=59.8, used=9560895488, free=402235392, active=3653898240, inactive=11144888320, buffers=178671616, cached=6302613504, shared=2486272, slab=937365504)
2025-06-30 20:52:05,725:INFO:Physical Core: 2
2025-06-30 20:52:05,725:INFO:Logical Core: 2
2025-06-30 20:52:05,725:INFO:Checking libraries
2025-06-30 20:52:05,725:INFO:System:
2025-06-30 20:52:05,726:INFO:    python: 3.11.10 (main, Sep  7 2024, 18:35:41) [GCC 11.4.0]
2025-06-30 20:52:05,726:INFO:executable: /local_disk0/.ephemeral_nfs/envs/pythonEnv-7445b201-ee05-4877-8e0a-3ce60106762e/bin/python
2025-06-30 20:52:05,726:INFO:   machine: Linux-5.15.0-1072-aws-aarch64-with-glibc2.35
2025-06-30 20:52:05,726:INFO:PyCaret required dependencies:
2025-06-30 20:52:07,262:INFO:                 pip: 24.2
2025-06-30 20:52:07,262:INFO:          setuptools: 75.1.0
2025-06-30 20:52:07,262:INFO:             pycaret: 3.3.2
2025-06-30 20:52:07,262:INFO:             IPython: 8.25.0
2025-06-30 20:52:07,263:INFO:          ipywidgets: 7.7.2
2025-06-30 20:52:07,263:INFO:                tqdm: 4.67.1
2025-06-30 20:52:07,263:INFO:               numpy: 1.23.5
2025-06-30 20:52:07,263:INFO:              pandas: 1.5.3
2025-06-30 20:52:07,263:INFO:              jinja2: 3.1.6
2025-06-30 20:52:07,263:INFO:               scipy: 1.11.1
2025-06-30 20:52:07,264:INFO:              joblib: 1.2.0
2025-06-30 20:52:07,264:INFO:             sklearn: 1.3.0
2025-06-30 20:52:07,264:INFO:                pyod: 2.0.5
2025-06-30 20:52:07,264:INFO:            imblearn: 0.13.0
2025-06-30 20:52:07,264:INFO:   category_encoders: 2.7.0
2025-06-30 20:52:07,265:INFO:            lightgbm: 4.6.0
2025-06-30 20:52:07,265:INFO:               numba: 0.61.0
2025-06-30 20:52:07,265:INFO:            requests: 2.31.0
2025-06-30 20:52:07,265:INFO:          matplotlib: 3.7.2
2025-06-30 20:52:07,265:INFO:          scikitplot: 0.3.7
2025-06-30 20:52:07,265:INFO:         yellowbrick: 1.5
2025-06-30 20:52:07,265:INFO:              plotly: 5.9.0
2025-06-30 20:52:07,265:INFO:    plotly-resampler: Not installed
2025-06-30 20:52:07,266:INFO:             kaleido: 1.0.0
2025-06-30 20:52:07,266:INFO:           schemdraw: 0.15
2025-06-30 20:52:07,266:INFO:         statsmodels: 0.14.0
2025-06-30 20:52:07,266:INFO:              sktime: 0.26.0
2025-06-30 20:52:07,266:INFO:               tbats: 1.1.3
2025-06-30 20:52:07,266:INFO:            pmdarima: 2.0.4
2025-06-30 20:52:07,266:INFO:              psutil: 5.9.0
2025-06-30 20:52:07,266:INFO:          markupsafe: 3.0.2
2025-06-30 20:52:07,266:INFO:             pickle5: Not installed
2025-06-30 20:52:07,266:INFO:         cloudpickle: 3.0.0
2025-06-30 20:52:07,267:INFO:         deprecation: 2.1.0
2025-06-30 20:52:07,267:INFO:              xxhash: 3.5.0
2025-06-30 20:52:07,267:INFO:           wurlitzer: 3.1.1
2025-06-30 20:52:07,267:INFO:PyCaret optional dependencies:
2025-06-30 20:52:10,808:INFO:                shap: 0.44.1
2025-06-30 20:52:10,808:INFO:           interpret: 0.6.13
2025-06-30 20:52:10,809:INFO:                umap: 0.5.7
2025-06-30 20:52:10,809:INFO:     ydata_profiling: 4.16.1
2025-06-30 20:52:10,809:INFO:  explainerdashboard: 0.5.1
2025-06-30 20:52:10,809:INFO:             autoviz: Not installed
2025-06-30 20:52:10,809:INFO:           fairlearn: 0.7.0
2025-06-30 20:52:10,809:INFO:          deepchecks: Not installed
2025-06-30 20:52:10,809:INFO:             xgboost: 3.0.2
2025-06-30 20:52:10,809:INFO:            catboost: 1.2.8
2025-06-30 20:52:10,809:INFO:              kmodes: 0.12.2
2025-06-30 20:52:10,809:INFO:             mlxtend: 0.23.4
2025-06-30 20:52:10,810:INFO:       statsforecast: 1.5.0
2025-06-30 20:52:10,810:INFO:        tune_sklearn: Not installed
2025-06-30 20:52:10,810:INFO:                 ray: Not installed
2025-06-30 20:52:10,810:INFO:            hyperopt: 0.2.7
2025-06-30 20:52:10,810:INFO:              optuna: 4.4.0
2025-06-30 20:52:10,810:INFO:               skopt: 0.10.2
2025-06-30 20:52:10,810:INFO:              mlflow: 2.11.4
2025-06-30 20:52:10,810:INFO:              gradio: 5.35.0
2025-06-30 20:52:10,810:INFO:             fastapi: 0.115.14
2025-06-30 20:52:10,810:INFO:             uvicorn: 0.35.0
2025-06-30 20:52:10,810:INFO:              m2cgen: 0.10.0
2025-06-30 20:52:10,810:INFO:           evidently: 0.4.40
2025-06-30 20:52:10,811:INFO:               fugue: 0.8.7
2025-06-30 20:52:10,811:INFO:           streamlit: Not installed
2025-06-30 20:52:10,811:INFO:             prophet: Not installed
2025-06-30 20:52:10,811:INFO:None
2025-06-30 20:52:10,811:INFO:Set up data.
2025-06-30 20:52:45,280:INFO:PyCaret RegressionExperiment
2025-06-30 20:52:45,281:INFO:Logging name: reg-default-name
2025-06-30 20:52:45,281:INFO:ML Usecase: MLUsecase.REGRESSION
2025-06-30 20:52:45,281:INFO:version 3.3.2
2025-06-30 20:52:45,281:INFO:Initializing setup()
2025-06-30 20:52:45,281:INFO:self.USI: ef5d
2025-06-30 20:52:45,282:INFO:self._variable_keys: {'pipeline', 'y', 'gpu_n_jobs_param', 'n_jobs_param', '_available_plots', 'html_param', 'X', 'exp_name_log', 'fold_groups_param', 'target_param', 'fold_shuffle_param', 'seed', 'X_test', 'idx', 'y_train', 'memory', 'data', 'log_plots_param', 'USI', '_ml_usecase', 'X_train', 'gpu_param', 'transform_target_param', 'fold_generator', 'exp_id', 'logging_param', 'y_test'}
2025-06-30 20:52:45,282:INFO:Checking environment
2025-06-30 20:52:45,282:INFO:python_version: 3.11.10
2025-06-30 20:52:45,282:INFO:python_build: ('main', 'Sep  7 2024 18:35:41')
2025-06-30 20:52:45,283:INFO:machine: aarch64
2025-06-30 20:52:45,283:INFO:platform: Linux-5.15.0-1072-aws-aarch64-with-glibc2.35
2025-06-30 20:52:45,283:INFO:Memory: svmem(total=16444416000, available=6466646016, percent=60.7, used=9703034880, free=405442560, active=3675082752, inactive=11153956864, buffers=178667520, cached=6157271040, shared=2486272, slab=926822400)
2025-06-30 20:52:45,284:INFO:Physical Core: 2
2025-06-30 20:52:45,284:INFO:Logical Core: 2
2025-06-30 20:52:45,284:INFO:Checking libraries
2025-06-30 20:52:45,284:INFO:System:
2025-06-30 20:52:45,284:INFO:    python: 3.11.10 (main, Sep  7 2024, 18:35:41) [GCC 11.4.0]
2025-06-30 20:52:45,285:INFO:executable: /local_disk0/.ephemeral_nfs/envs/pythonEnv-7445b201-ee05-4877-8e0a-3ce60106762e/bin/python
2025-06-30 20:52:45,285:INFO:   machine: Linux-5.15.0-1072-aws-aarch64-with-glibc2.35
2025-06-30 20:52:45,285:INFO:PyCaret required dependencies:
2025-06-30 20:52:45,285:INFO:                 pip: 24.2
2025-06-30 20:52:45,285:INFO:          setuptools: 75.1.0
2025-06-30 20:52:45,285:INFO:             pycaret: 3.3.2
2025-06-30 20:52:45,286:INFO:             IPython: 8.25.0
2025-06-30 20:52:45,286:INFO:          ipywidgets: 7.7.2
2025-06-30 20:52:45,286:INFO:                tqdm: 4.67.1
2025-06-30 20:52:45,286:INFO:               numpy: 1.23.5
2025-06-30 20:52:45,286:INFO:              pandas: 1.5.3
2025-06-30 20:52:45,286:INFO:              jinja2: 3.1.6
2025-06-30 20:52:45,286:INFO:               scipy: 1.11.1
2025-06-30 20:52:45,287:INFO:              joblib: 1.2.0
2025-06-30 20:52:45,287:INFO:             sklearn: 1.3.0
2025-06-30 20:52:45,287:INFO:                pyod: 2.0.5
2025-06-30 20:52:45,287:INFO:            imblearn: 0.13.0
2025-06-30 20:52:45,287:INFO:   category_encoders: 2.7.0
2025-06-30 20:52:45,287:INFO:            lightgbm: 4.6.0
2025-06-30 20:52:45,288:INFO:               numba: 0.61.0
2025-06-30 20:52:45,288:INFO:            requests: 2.31.0
2025-06-30 20:52:45,288:INFO:          matplotlib: 3.7.2
2025-06-30 20:52:45,288:INFO:          scikitplot: 0.3.7
2025-06-30 20:52:45,288:INFO:         yellowbrick: 1.5
2025-06-30 20:52:45,291:INFO:              plotly: 5.9.0
2025-06-30 20:52:45,293:INFO:    plotly-resampler: Not installed
2025-06-30 20:52:45,296:INFO:             kaleido: 1.0.0
2025-06-30 20:52:45,296:INFO:           schemdraw: 0.15
2025-06-30 20:52:45,296:INFO:         statsmodels: 0.14.0
2025-06-30 20:52:45,296:INFO:              sktime: 0.26.0
2025-06-30 20:52:45,297:INFO:               tbats: 1.1.3
2025-06-30 20:52:45,297:INFO:            pmdarima: 2.0.4
2025-06-30 20:52:45,297:INFO:              psutil: 5.9.0
2025-06-30 20:52:45,297:INFO:          markupsafe: 3.0.2
2025-06-30 20:52:45,297:INFO:             pickle5: Not installed
2025-06-30 20:52:45,297:INFO:         cloudpickle: 3.0.0
2025-06-30 20:52:45,297:INFO:         deprecation: 2.1.0
2025-06-30 20:52:45,298:INFO:              xxhash: 3.5.0
2025-06-30 20:52:45,298:INFO:           wurlitzer: 3.1.1
2025-06-30 20:52:45,298:INFO:PyCaret optional dependencies:
2025-06-30 20:52:45,298:INFO:                shap: 0.44.1
2025-06-30 20:52:45,298:INFO:           interpret: 0.6.13
2025-06-30 20:52:45,298:INFO:                umap: 0.5.7
2025-06-30 20:52:45,299:INFO:     ydata_profiling: 4.16.1
2025-06-30 20:52:45,299:INFO:  explainerdashboard: 0.5.1
2025-06-30 20:52:45,299:INFO:             autoviz: Not installed
2025-06-30 20:52:45,299:INFO:           fairlearn: 0.7.0
2025-06-30 20:52:45,300:INFO:          deepchecks: Not installed
2025-06-30 20:52:45,300:INFO:             xgboost: 3.0.2
2025-06-30 20:52:45,300:INFO:            catboost: 1.2.8
2025-06-30 20:52:45,300:INFO:              kmodes: 0.12.2
2025-06-30 20:52:45,300:INFO:             mlxtend: 0.23.4
2025-06-30 20:52:45,300:INFO:       statsforecast: 1.5.0
2025-06-30 20:52:45,301:INFO:        tune_sklearn: Not installed
2025-06-30 20:52:45,301:INFO:                 ray: Not installed
2025-06-30 20:52:45,301:INFO:            hyperopt: 0.2.7
2025-06-30 20:52:45,303:INFO:              optuna: 4.4.0
2025-06-30 20:52:45,310:INFO:               skopt: 0.10.2
2025-06-30 20:52:45,315:INFO:              mlflow: 2.11.4
2025-06-30 20:52:45,316:INFO:              gradio: 5.35.0
2025-06-30 20:52:45,317:INFO:             fastapi: 0.115.14
2025-06-30 20:52:45,318:INFO:             uvicorn: 0.35.0
2025-06-30 20:52:45,318:INFO:              m2cgen: 0.10.0
2025-06-30 20:52:45,318:INFO:           evidently: 0.4.40
2025-06-30 20:52:45,318:INFO:               fugue: 0.8.7
2025-06-30 20:52:45,319:INFO:           streamlit: Not installed
2025-06-30 20:52:45,319:INFO:             prophet: Not installed
2025-06-30 20:52:45,319:INFO:None
2025-06-30 20:52:45,319:INFO:Set up data.
2025-06-30 20:52:45,411:INFO:Set up folding strategy.
2025-06-30 20:52:45,411:INFO:Set up train/test split.
2025-06-30 20:52:45,440:INFO:Set up index.
2025-06-30 20:52:45,441:INFO:Assigning column types.
2025-06-30 20:52:45,446:INFO:Engine successfully changes for model 'lr' to 'sklearn'.
2025-06-30 20:52:45,446:INFO:Engine for model 'lasso' has not been set explicitly, hence returning None.
2025-06-30 20:52:45,450:INFO:Engine for model 'ridge' has not been set explicitly, hence returning None.
2025-06-30 20:52:45,454:INFO:Engine for model 'en' has not been set explicitly, hence returning None.
2025-06-30 20:52:45,503:INFO:Engine for model 'svm' has not been set explicitly, hence returning None.
2025-06-30 20:52:45,539:INFO:Engine for model 'knn' has not been set explicitly, hence returning None.
2025-06-30 20:52:45,540:INFO:Soft dependency imported: xgboost: 3.0.2
2025-06-30 20:52:45,542:INFO:Soft dependency imported: catboost: 1.2.8
2025-06-30 20:52:45,708:INFO:Engine for model 'lasso' has not been set explicitly, hence returning None.
2025-06-30 20:52:45,712:INFO:Engine for model 'ridge' has not been set explicitly, hence returning None.
2025-06-30 20:52:45,717:INFO:Engine for model 'en' has not been set explicitly, hence returning None.
2025-06-30 20:52:45,765:INFO:Engine for model 'svm' has not been set explicitly, hence returning None.
2025-06-30 20:52:45,800:INFO:Engine for model 'knn' has not been set explicitly, hence returning None.
2025-06-30 20:52:45,801:INFO:Soft dependency imported: xgboost: 3.0.2
2025-06-30 20:52:45,803:INFO:Soft dependency imported: catboost: 1.2.8
2025-06-30 20:52:45,806:INFO:Engine successfully changes for model 'lasso' to 'sklearn'.
2025-06-30 20:52:45,812:INFO:Engine for model 'ridge' has not been set explicitly, hence returning None.
2025-06-30 20:52:45,817:INFO:Engine for model 'en' has not been set explicitly, hence returning None.
2025-06-30 20:52:45,864:INFO:Engine for model 'svm' has not been set explicitly, hence returning None.
2025-06-30 20:52:45,906:INFO:Engine for model 'knn' has not been set explicitly, hence returning None.
2025-06-30 20:52:45,907:INFO:Soft dependency imported: xgboost: 3.0.2
2025-06-30 20:52:45,910:INFO:Soft dependency imported: catboost: 1.2.8
2025-06-30 20:52:45,916:INFO:Engine for model 'ridge' has not been set explicitly, hence returning None.
2025-06-30 20:52:45,920:INFO:Engine for model 'en' has not been set explicitly, hence returning None.
2025-06-30 20:52:45,968:INFO:Engine for model 'svm' has not been set explicitly, hence returning None.
2025-06-30 20:52:46,017:INFO:Engine for model 'knn' has not been set explicitly, hence returning None.
2025-06-30 20:52:46,018:INFO:Soft dependency imported: xgboost: 3.0.2
2025-06-30 20:52:46,020:INFO:Soft dependency imported: catboost: 1.2.8
2025-06-30 20:52:46,021:INFO:Engine successfully changes for model 'ridge' to 'sklearn'.
2025-06-30 20:52:46,030:INFO:Engine for model 'en' has not been set explicitly, hence returning None.
2025-06-30 20:52:46,090:INFO:Engine for model 'svm' has not been set explicitly, hence returning None.
2025-06-30 20:52:46,133:INFO:Engine for model 'knn' has not been set explicitly, hence returning None.
2025-06-30 20:52:46,134:INFO:Soft dependency imported: xgboost: 3.0.2
2025-06-30 20:52:46,136:INFO:Soft dependency imported: catboost: 1.2.8
2025-06-30 20:52:46,144:INFO:Engine for model 'en' has not been set explicitly, hence returning None.
2025-06-30 20:52:46,197:INFO:Engine for model 'svm' has not been set explicitly, hence returning None.
2025-06-30 20:52:46,235:INFO:Engine for model 'knn' has not been set explicitly, hence returning None.
2025-06-30 20:52:46,236:INFO:Soft dependency imported: xgboost: 3.0.2
2025-06-30 20:52:46,241:INFO:Soft dependency imported: catboost: 1.2.8
2025-06-30 20:52:46,242:INFO:Engine successfully changes for model 'en' to 'sklearn'.
2025-06-30 20:52:46,299:INFO:Engine for model 'svm' has not been set explicitly, hence returning None.
2025-06-30 20:52:46,341:INFO:Engine for model 'knn' has not been set explicitly, hence returning None.
2025-06-30 20:52:46,342:INFO:Soft dependency imported: xgboost: 3.0.2
2025-06-30 20:52:46,345:INFO:Soft dependency imported: catboost: 1.2.8
2025-06-30 20:52:46,401:INFO:Engine for model 'svm' has not been set explicitly, hence returning None.
2025-06-30 20:52:46,439:INFO:Engine for model 'knn' has not been set explicitly, hence returning None.
2025-06-30 20:52:46,450:INFO:Soft dependency imported: xgboost: 3.0.2
2025-06-30 20:52:46,453:INFO:Soft dependency imported: catboost: 1.2.8
2025-06-30 20:52:46,454:INFO:Engine successfully changes for model 'knn' to 'sklearn'.
2025-06-30 20:52:46,509:INFO:Engine for model 'svm' has not been set explicitly, hence returning None.
2025-06-30 20:52:46,545:INFO:Soft dependency imported: xgboost: 3.0.2
2025-06-30 20:52:46,550:INFO:Soft dependency imported: catboost: 1.2.8
2025-06-30 20:52:46,627:INFO:Engine for model 'svm' has not been set explicitly, hence returning None.
2025-06-30 20:52:46,683:INFO:Soft dependency imported: xgboost: 3.0.2
2025-06-30 20:52:46,686:INFO:Soft dependency imported: catboost: 1.2.8
2025-06-30 20:52:46,687:INFO:Engine successfully changes for model 'svm' to 'sklearn'.
2025-06-30 20:52:46,781:INFO:Soft dependency imported: xgboost: 3.0.2
2025-06-30 20:52:46,784:INFO:Soft dependency imported: catboost: 1.2.8
2025-06-30 20:52:46,877:INFO:Soft dependency imported: xgboost: 3.0.2
2025-06-30 20:52:46,880:INFO:Soft dependency imported: catboost: 1.2.8
2025-06-30 20:52:46,882:INFO:Preparing preprocessing pipeline...
2025-06-30 20:52:46,882:INFO:Set up simple imputation.
2025-06-30 20:52:46,887:INFO:Set up encoding of ordinal features.
2025-06-30 20:52:46,890:INFO:Set up encoding of categorical features.
2025-06-30 20:52:47,052:WARNING:/local_disk0/.ephemeral_nfs/envs/pythonEnv-7445b201-ee05-4877-8e0a-3ce60106762e/lib/python3.11/site-packages/sklearn/impute/_base.py:577: UserWarning: Skipping features without any observed values: ['price_history_price']. At least one non-missing value is needed for imputation with strategy='mean'.

2025-06-30 20:52:47,277:WARNING:/local_disk0/.ephemeral_nfs/envs/pythonEnv-7445b201-ee05-4877-8e0a-3ce60106762e/lib/python3.11/site-packages/sklearn/impute/_base.py:577: UserWarning: Skipping features without any observed values: ['street' 'price_history_date' 'price_history_event']. At least one non-missing value is needed for imputation with strategy='most_frequent'.

2025-06-30 20:53:21,644:INFO:PyCaret RegressionExperiment
2025-06-30 20:53:21,644:INFO:Logging name: reg-default-name
2025-06-30 20:53:21,644:INFO:ML Usecase: MLUsecase.REGRESSION
2025-06-30 20:53:21,645:INFO:version 3.3.2
2025-06-30 20:53:21,645:INFO:Initializing setup()
2025-06-30 20:53:21,645:INFO:self.USI: 94db
2025-06-30 20:53:21,645:INFO:self._variable_keys: {'pipeline', 'y', 'gpu_n_jobs_param', 'n_jobs_param', '_available_plots', 'html_param', 'X', 'exp_name_log', 'fold_groups_param', 'target_param', 'fold_shuffle_param', 'seed', 'X_test', 'idx', 'y_train', 'memory', 'data', 'log_plots_param', 'USI', '_ml_usecase', 'X_train', 'gpu_param', 'transform_target_param', 'fold_generator', 'exp_id', 'logging_param', 'y_test'}
2025-06-30 20:53:21,645:INFO:Checking environment
2025-06-30 20:53:21,645:INFO:python_version: 3.11.10
2025-06-30 20:53:21,646:INFO:python_build: ('main', 'Sep  7 2024 18:35:41')
2025-06-30 20:53:21,646:INFO:machine: aarch64
2025-06-30 20:53:21,646:INFO:platform: Linux-5.15.0-1072-aws-aarch64-with-glibc2.35
2025-06-30 20:53:21,646:INFO:Memory: svmem(total=16444416000, available=6615515136, percent=59.8, used=9554436096, free=1196109824, active=3518296064, inactive=10497613824, buffers=172691456, cached=5521178624, shared=2486272, slab=935997440)
2025-06-30 20:53:21,647:INFO:Physical Core: 2
2025-06-30 20:53:21,647:INFO:Logical Core: 2
2025-06-30 20:53:21,647:INFO:Checking libraries
2025-06-30 20:53:21,647:INFO:System:
2025-06-30 20:53:21,647:INFO:    python: 3.11.10 (main, Sep  7 2024, 18:35:41) [GCC 11.4.0]
2025-06-30 20:53:21,648:INFO:executable: /local_disk0/.ephemeral_nfs/envs/pythonEnv-7445b201-ee05-4877-8e0a-3ce60106762e/bin/python
2025-06-30 20:53:21,648:INFO:   machine: Linux-5.15.0-1072-aws-aarch64-with-glibc2.35
2025-06-30 20:53:21,648:INFO:PyCaret required dependencies:
2025-06-30 20:53:21,648:INFO:                 pip: 24.2
2025-06-30 20:53:21,648:INFO:          setuptools: 75.1.0
2025-06-30 20:53:21,649:INFO:             pycaret: 3.3.2
2025-06-30 20:53:21,649:INFO:             IPython: 8.25.0
2025-06-30 20:53:21,649:INFO:          ipywidgets: 7.7.2
2025-06-30 20:53:21,649:INFO:                tqdm: 4.67.1
2025-06-30 20:53:21,649:INFO:               numpy: 1.23.5
2025-06-30 20:53:21,649:INFO:              pandas: 1.5.3
2025-06-30 20:53:21,650:INFO:              jinja2: 3.1.6
2025-06-30 20:53:21,650:INFO:               scipy: 1.11.1
2025-06-30 20:53:21,650:INFO:              joblib: 1.2.0
2025-06-30 20:53:21,650:INFO:             sklearn: 1.3.0
2025-06-30 20:53:21,650:INFO:                pyod: 2.0.5
2025-06-30 20:53:21,650:INFO:            imblearn: 0.13.0
2025-06-30 20:53:21,651:INFO:   category_encoders: 2.7.0
2025-06-30 20:53:21,651:INFO:            lightgbm: 4.6.0
2025-06-30 20:53:21,651:INFO:               numba: 0.61.0
2025-06-30 20:53:21,651:INFO:            requests: 2.31.0
2025-06-30 20:53:21,651:INFO:          matplotlib: 3.7.2
2025-06-30 20:53:21,651:INFO:          scikitplot: 0.3.7
2025-06-30 20:53:21,651:INFO:         yellowbrick: 1.5
2025-06-30 20:53:21,652:INFO:              plotly: 5.9.0
2025-06-30 20:53:21,652:INFO:    plotly-resampler: Not installed
2025-06-30 20:53:21,652:INFO:             kaleido: 1.0.0
2025-06-30 20:53:21,652:INFO:           schemdraw: 0.15
2025-06-30 20:53:21,652:INFO:         statsmodels: 0.14.0
2025-06-30 20:53:21,652:INFO:              sktime: 0.26.0
2025-06-30 20:53:21,652:INFO:               tbats: 1.1.3
2025-06-30 20:53:21,653:INFO:            pmdarima: 2.0.4
2025-06-30 20:53:21,653:INFO:              psutil: 5.9.0
2025-06-30 20:53:21,653:INFO:          markupsafe: 3.0.2
2025-06-30 20:53:21,653:INFO:             pickle5: Not installed
2025-06-30 20:53:21,653:INFO:         cloudpickle: 3.0.0
2025-06-30 20:53:21,654:INFO:         deprecation: 2.1.0
2025-06-30 20:53:21,654:INFO:              xxhash: 3.5.0
2025-06-30 20:53:21,654:INFO:           wurlitzer: 3.1.1
2025-06-30 20:53:21,654:INFO:PyCaret optional dependencies:
2025-06-30 20:53:21,654:INFO:                shap: 0.44.1
2025-06-30 20:53:21,654:INFO:           interpret: 0.6.13
2025-06-30 20:53:21,654:INFO:                umap: 0.5.7
2025-06-30 20:53:21,655:INFO:     ydata_profiling: 4.16.1
2025-06-30 20:53:21,655:INFO:  explainerdashboard: 0.5.1
2025-06-30 20:53:21,655:INFO:             autoviz: Not installed
2025-06-30 20:53:21,655:INFO:           fairlearn: 0.7.0
2025-06-30 20:53:21,655:INFO:          deepchecks: Not installed
2025-06-30 20:53:21,655:INFO:             xgboost: 3.0.2
2025-06-30 20:53:21,655:INFO:            catboost: 1.2.8
2025-06-30 20:53:21,656:INFO:              kmodes: 0.12.2
2025-06-30 20:53:21,656:INFO:             mlxtend: 0.23.4
2025-06-30 20:53:21,656:INFO:       statsforecast: 1.5.0
2025-06-30 20:53:21,656:INFO:        tune_sklearn: Not installed
2025-06-30 20:53:21,656:INFO:                 ray: Not installed
2025-06-30 20:53:21,656:INFO:            hyperopt: 0.2.7
2025-06-30 20:53:21,656:INFO:              optuna: 4.4.0
2025-06-30 20:53:21,656:INFO:               skopt: 0.10.2
2025-06-30 20:53:21,657:INFO:              mlflow: 2.11.4
2025-06-30 20:53:21,657:INFO:              gradio: 5.35.0
2025-06-30 20:53:21,657:INFO:             fastapi: 0.115.14
2025-06-30 20:53:21,657:INFO:             uvicorn: 0.35.0
2025-06-30 20:53:21,657:INFO:              m2cgen: 0.10.0
2025-06-30 20:53:21,657:INFO:           evidently: 0.4.40
2025-06-30 20:53:21,658:INFO:               fugue: 0.8.7
2025-06-30 20:53:21,658:INFO:           streamlit: Not installed
2025-06-30 20:53:21,658:INFO:             prophet: Not installed
2025-06-30 20:53:21,658:INFO:None
2025-06-30 20:53:21,658:INFO:Set up data.
2025-06-30 20:53:22,040:INFO:Set up folding strategy.
2025-06-30 20:53:22,047:INFO:Set up train/test split.
2025-06-30 20:53:22,076:INFO:Set up index.
2025-06-30 20:53:22,077:INFO:Assigning column types.
2025-06-30 20:53:22,081:INFO:Engine successfully changes for model 'lr' to 'sklearn'.
2025-06-30 20:53:22,082:INFO:Engine for model 'lasso' has not been set explicitly, hence returning None.
2025-06-30 20:53:22,086:INFO:Engine for model 'ridge' has not been set explicitly, hence returning None.
2025-06-30 20:53:22,095:INFO:Engine for model 'en' has not been set explicitly, hence returning None.
2025-06-30 20:53:22,146:INFO:Engine for model 'svm' has not been set explicitly, hence returning None.
2025-06-30 20:53:22,195:INFO:Engine for model 'knn' has not been set explicitly, hence returning None.
2025-06-30 20:53:22,200:INFO:Soft dependency imported: xgboost: 3.0.2
2025-06-30 20:53:22,202:INFO:Soft dependency imported: catboost: 1.2.8
2025-06-30 20:53:22,207:INFO:Engine for model 'lasso' has not been set explicitly, hence returning None.
2025-06-30 20:53:22,211:INFO:Engine for model 'ridge' has not been set explicitly, hence returning None.
2025-06-30 20:53:22,217:INFO:Engine for model 'en' has not been set explicitly, hence returning None.
2025-06-30 20:53:22,270:INFO:Engine for model 'svm' has not been set explicitly, hence returning None.
2025-06-30 20:53:22,315:INFO:Engine for model 'knn' has not been set explicitly, hence returning None.
2025-06-30 20:53:22,316:INFO:Soft dependency imported: xgboost: 3.0.2
2025-06-30 20:53:22,319:INFO:Soft dependency imported: catboost: 1.2.8
2025-06-30 20:53:22,319:INFO:Engine successfully changes for model 'lasso' to 'sklearn'.
2025-06-30 20:53:22,324:INFO:Engine for model 'ridge' has not been set explicitly, hence returning None.
2025-06-30 20:53:22,331:INFO:Engine for model 'en' has not been set explicitly, hence returning None.
2025-06-30 20:53:22,385:INFO:Engine for model 'svm' has not been set explicitly, hence returning None.
2025-06-30 20:53:22,422:INFO:Engine for model 'knn' has not been set explicitly, hence returning None.
2025-06-30 20:53:22,424:INFO:Soft dependency imported: xgboost: 3.0.2
2025-06-30 20:53:22,426:INFO:Soft dependency imported: catboost: 1.2.8
2025-06-30 20:53:22,430:INFO:Engine for model 'ridge' has not been set explicitly, hence returning None.
2025-06-30 20:53:22,437:INFO:Engine for model 'en' has not been set explicitly, hence returning None.
2025-06-30 20:53:22,495:INFO:Engine for model 'svm' has not been set explicitly, hence returning None.
2025-06-30 20:53:22,532:INFO:Engine for model 'knn' has not been set explicitly, hence returning None.
2025-06-30 20:53:22,532:INFO:Soft dependency imported: xgboost: 3.0.2
2025-06-30 20:53:22,535:INFO:Soft dependency imported: catboost: 1.2.8
2025-06-30 20:53:22,536:INFO:Engine successfully changes for model 'ridge' to 'sklearn'.
2025-06-30 20:53:22,543:INFO:Engine for model 'en' has not been set explicitly, hence returning None.
2025-06-30 20:53:22,595:INFO:Engine for model 'svm' has not been set explicitly, hence returning None.
2025-06-30 20:53:22,633:INFO:Engine for model 'knn' has not been set explicitly, hence returning None.
2025-06-30 20:53:22,634:INFO:Soft dependency imported: xgboost: 3.0.2
2025-06-30 20:53:22,636:INFO:Soft dependency imported: catboost: 1.2.8
2025-06-30 20:53:22,645:INFO:Engine for model 'en' has not been set explicitly, hence returning None.
2025-06-30 20:53:22,694:INFO:Engine for model 'svm' has not been set explicitly, hence returning None.
2025-06-30 20:53:22,730:INFO:Engine for model 'knn' has not been set explicitly, hence returning None.
2025-06-30 20:53:22,731:INFO:Soft dependency imported: xgboost: 3.0.2
2025-06-30 20:53:22,734:INFO:Soft dependency imported: catboost: 1.2.8
2025-06-30 20:53:22,734:INFO:Engine successfully changes for model 'en' to 'sklearn'.
2025-06-30 20:53:22,788:INFO:Engine for model 'svm' has not been set explicitly, hence returning None.
2025-06-30 20:53:22,823:INFO:Engine for model 'knn' has not been set explicitly, hence returning None.
2025-06-30 20:53:22,824:INFO:Soft dependency imported: xgboost: 3.0.2
2025-06-30 20:53:22,826:INFO:Soft dependency imported: catboost: 1.2.8
2025-06-30 20:53:22,883:INFO:Engine for model 'svm' has not been set explicitly, hence returning None.
2025-06-30 20:53:22,919:INFO:Engine for model 'knn' has not been set explicitly, hence returning None.
2025-06-30 20:53:22,920:INFO:Soft dependency imported: xgboost: 3.0.2
2025-06-30 20:53:22,922:INFO:Soft dependency imported: catboost: 1.2.8
2025-06-30 20:53:22,923:INFO:Engine successfully changes for model 'knn' to 'sklearn'.
2025-06-30 20:53:22,979:INFO:Engine for model 'svm' has not been set explicitly, hence returning None.
2025-06-30 20:53:23,015:INFO:Soft dependency imported: xgboost: 3.0.2
2025-06-30 20:53:23,018:INFO:Soft dependency imported: catboost: 1.2.8
2025-06-30 20:53:23,073:INFO:Engine for model 'svm' has not been set explicitly, hence returning None.
2025-06-30 20:53:23,109:INFO:Soft dependency imported: xgboost: 3.0.2
2025-06-30 20:53:23,112:INFO:Soft dependency imported: catboost: 1.2.8
2025-06-30 20:53:23,114:INFO:Engine successfully changes for model 'svm' to 'sklearn'.
2025-06-30 20:53:23,205:INFO:Soft dependency imported: xgboost: 3.0.2
2025-06-30 20:53:23,207:INFO:Soft dependency imported: catboost: 1.2.8
2025-06-30 20:53:23,304:INFO:Soft dependency imported: xgboost: 3.0.2
2025-06-30 20:53:23,306:INFO:Soft dependency imported: catboost: 1.2.8
2025-06-30 20:53:23,308:INFO:Preparing preprocessing pipeline...
2025-06-30 20:53:23,308:INFO:Set up simple imputation.
2025-06-30 20:53:23,313:INFO:Set up encoding of ordinal features.
2025-06-30 20:53:23,317:INFO:Set up encoding of categorical features.
2025-06-30 20:53:23,489:WARNING:/local_disk0/.ephemeral_nfs/envs/pythonEnv-7445b201-ee05-4877-8e0a-3ce60106762e/lib/python3.11/site-packages/sklearn/impute/_base.py:577: UserWarning: Skipping features without any observed values: ['price_history_price']. At least one non-missing value is needed for imputation with strategy='mean'.

2025-06-30 20:53:23,672:WARNING:/local_disk0/.ephemeral_nfs/envs/pythonEnv-7445b201-ee05-4877-8e0a-3ce60106762e/lib/python3.11/site-packages/sklearn/impute/_base.py:577: UserWarning: Skipping features without any observed values: ['street' 'price_history_date' 'price_history_event']. At least one non-missing value is needed for imputation with strategy='most_frequent'.

2025-06-30 21:00:38,698:INFO:PyCaret RegressionExperiment
2025-06-30 21:00:38,698:INFO:Logging name: reg-default-name
2025-06-30 21:00:38,698:INFO:ML Usecase: MLUsecase.REGRESSION
2025-06-30 21:00:38,698:INFO:version 3.3.2
2025-06-30 21:00:38,698:INFO:Initializing setup()
2025-06-30 21:00:38,699:INFO:self.USI: aec1
2025-06-30 21:00:38,699:INFO:self._variable_keys: {'pipeline', 'y', 'gpu_n_jobs_param', 'n_jobs_param', '_available_plots', 'html_param', 'X', 'exp_name_log', 'fold_groups_param', 'target_param', 'fold_shuffle_param', 'seed', 'X_test', 'idx', 'y_train', 'memory', 'data', 'log_plots_param', 'USI', '_ml_usecase', 'X_train', 'gpu_param', 'transform_target_param', 'fold_generator', 'exp_id', 'logging_param', 'y_test'}
2025-06-30 21:00:38,699:INFO:Checking environment
2025-06-30 21:00:38,699:INFO:python_version: 3.11.10
2025-06-30 21:00:38,699:INFO:python_build: ('main', 'Sep  7 2024 18:35:41')
2025-06-30 21:00:38,699:INFO:machine: aarch64
2025-06-30 21:00:38,700:INFO:platform: Linux-5.15.0-1072-aws-aarch64-with-glibc2.35
2025-06-30 21:00:38,700:INFO:Memory: svmem(total=16444416000, available=6605619200, percent=59.8, used=9555812352, free=1263624192, active=3625279488, inactive=10335113216, buffers=174198784, cached=5450780672, shared=2486272, slab=941379584)
2025-06-30 21:00:38,700:INFO:Physical Core: 2
2025-06-30 21:00:38,701:INFO:Logical Core: 2
2025-06-30 21:00:38,701:INFO:Checking libraries
2025-06-30 21:00:38,701:INFO:System:
2025-06-30 21:00:38,701:INFO:    python: 3.11.10 (main, Sep  7 2024, 18:35:41) [GCC 11.4.0]
2025-06-30 21:00:38,701:INFO:executable: /local_disk0/.ephemeral_nfs/envs/pythonEnv-7445b201-ee05-4877-8e0a-3ce60106762e/bin/python
2025-06-30 21:00:38,701:INFO:   machine: Linux-5.15.0-1072-aws-aarch64-with-glibc2.35
2025-06-30 21:00:38,702:INFO:PyCaret required dependencies:
2025-06-30 21:00:38,702:INFO:                 pip: 24.2
2025-06-30 21:00:38,702:INFO:          setuptools: 75.1.0
2025-06-30 21:00:38,702:INFO:             pycaret: 3.3.2
2025-06-30 21:00:38,702:INFO:             IPython: 8.25.0
2025-06-30 21:00:38,703:INFO:          ipywidgets: 7.7.2
2025-06-30 21:00:38,703:INFO:                tqdm: 4.67.1
2025-06-30 21:00:38,703:INFO:               numpy: 1.23.5
2025-06-30 21:00:38,703:INFO:              pandas: 1.5.3
2025-06-30 21:00:38,703:INFO:              jinja2: 3.1.6
2025-06-30 21:00:38,704:INFO:               scipy: 1.11.1
2025-06-30 21:00:38,704:INFO:              joblib: 1.2.0
2025-06-30 21:00:38,704:INFO:             sklearn: 1.3.0
2025-06-30 21:00:38,704:INFO:                pyod: 2.0.5
2025-06-30 21:00:38,704:INFO:            imblearn: 0.13.0
2025-06-30 21:00:38,705:INFO:   category_encoders: 2.7.0
2025-06-30 21:00:38,705:INFO:            lightgbm: 4.6.0
2025-06-30 21:00:38,705:INFO:               numba: 0.61.0
2025-06-30 21:00:38,705:INFO:            requests: 2.31.0
2025-06-30 21:00:38,705:INFO:          matplotlib: 3.7.2
2025-06-30 21:00:38,705:INFO:          scikitplot: 0.3.7
2025-06-30 21:00:38,706:INFO:         yellowbrick: 1.5
2025-06-30 21:00:38,706:INFO:              plotly: 5.9.0
2025-06-30 21:00:38,706:INFO:    plotly-resampler: Not installed
2025-06-30 21:00:38,706:INFO:             kaleido: 1.0.0
2025-06-30 21:00:38,706:INFO:           schemdraw: 0.15
2025-06-30 21:00:38,706:INFO:         statsmodels: 0.14.0
2025-06-30 21:00:38,707:INFO:              sktime: 0.26.0
2025-06-30 21:00:38,707:INFO:               tbats: 1.1.3
2025-06-30 21:00:38,707:INFO:            pmdarima: 2.0.4
2025-06-30 21:00:38,707:INFO:              psutil: 5.9.0
2025-06-30 21:00:38,707:INFO:          markupsafe: 3.0.2
2025-06-30 21:00:38,707:INFO:             pickle5: Not installed
2025-06-30 21:00:38,708:INFO:         cloudpickle: 3.0.0
2025-06-30 21:00:38,708:INFO:         deprecation: 2.1.0
2025-06-30 21:00:38,708:INFO:              xxhash: 3.5.0
2025-06-30 21:00:38,708:INFO:           wurlitzer: 3.1.1
2025-06-30 21:00:38,708:INFO:PyCaret optional dependencies:
2025-06-30 21:00:38,709:INFO:                shap: 0.44.1
2025-06-30 21:00:38,709:INFO:           interpret: 0.6.13
2025-06-30 21:00:38,709:INFO:                umap: 0.5.7
2025-06-30 21:00:38,709:INFO:     ydata_profiling: 4.16.1
2025-06-30 21:00:38,709:INFO:  explainerdashboard: 0.5.1
2025-06-30 21:00:38,709:INFO:             autoviz: Not installed
2025-06-30 21:00:38,710:INFO:           fairlearn: 0.7.0
2025-06-30 21:00:38,710:INFO:          deepchecks: Not installed
2025-06-30 21:00:38,710:INFO:             xgboost: 3.0.2
2025-06-30 21:00:38,710:INFO:            catboost: 1.2.8
2025-06-30 21:00:38,710:INFO:              kmodes: 0.12.2
2025-06-30 21:00:38,710:INFO:             mlxtend: 0.23.4
2025-06-30 21:00:38,710:INFO:       statsforecast: 1.5.0
2025-06-30 21:00:38,711:INFO:        tune_sklearn: Not installed
2025-06-30 21:00:38,711:INFO:                 ray: Not installed
2025-06-30 21:00:38,711:INFO:            hyperopt: 0.2.7
2025-06-30 21:00:38,711:INFO:              optuna: 4.4.0
2025-06-30 21:00:38,711:INFO:               skopt: 0.10.2
2025-06-30 21:00:38,712:INFO:              mlflow: 2.11.4
2025-06-30 21:00:38,712:INFO:              gradio: 5.35.0
2025-06-30 21:00:38,712:INFO:             fastapi: 0.115.14
2025-06-30 21:00:38,712:INFO:             uvicorn: 0.35.0
2025-06-30 21:00:38,712:INFO:              m2cgen: 0.10.0
2025-06-30 21:00:38,713:INFO:           evidently: 0.4.40
2025-06-30 21:00:38,713:INFO:               fugue: 0.8.7
2025-06-30 21:00:38,713:INFO:           streamlit: Not installed
2025-06-30 21:00:38,713:INFO:             prophet: Not installed
2025-06-30 21:00:38,713:INFO:None
2025-06-30 21:00:38,714:INFO:Set up data.
2025-06-30 21:01:13,692:INFO:PyCaret RegressionExperiment
2025-06-30 21:01:13,692:INFO:Logging name: reg-default-name
2025-06-30 21:01:13,693:INFO:ML Usecase: MLUsecase.REGRESSION
2025-06-30 21:01:13,693:INFO:version 3.3.2
2025-06-30 21:01:13,693:INFO:Initializing setup()
2025-06-30 21:01:13,693:INFO:self.USI: f83e
2025-06-30 21:01:13,693:INFO:self._variable_keys: {'pipeline', 'y', 'gpu_n_jobs_param', 'n_jobs_param', '_available_plots', 'html_param', 'X', 'exp_name_log', 'fold_groups_param', 'target_param', 'fold_shuffle_param', 'seed', 'X_test', 'idx', 'y_train', 'memory', 'data', 'log_plots_param', 'USI', '_ml_usecase', 'X_train', 'gpu_param', 'transform_target_param', 'fold_generator', 'exp_id', 'logging_param', 'y_test'}
2025-06-30 21:01:13,694:INFO:Checking environment
2025-06-30 21:01:13,694:INFO:python_version: 3.11.10
2025-06-30 21:01:13,694:INFO:python_build: ('main', 'Sep  7 2024 18:35:41')
2025-06-30 21:01:13,696:INFO:machine: aarch64
2025-06-30 21:01:13,696:INFO:platform: Linux-5.15.0-1072-aws-aarch64-with-glibc2.35
2025-06-30 21:01:13,697:INFO:Memory: svmem(total=16444416000, available=6541852672, percent=60.2, used=9619693568, free=1198563328, active=3625820160, inactive=10364280832, buffers=174317568, cached=5451841536, shared=2486272, slab=941125632)
2025-06-30 21:01:13,697:INFO:Physical Core: 2
2025-06-30 21:01:13,697:INFO:Logical Core: 2
2025-06-30 21:01:13,699:INFO:Checking libraries
2025-06-30 21:01:13,699:INFO:System:
2025-06-30 21:01:13,699:INFO:    python: 3.11.10 (main, Sep  7 2024, 18:35:41) [GCC 11.4.0]
2025-06-30 21:01:13,699:INFO:executable: /local_disk0/.ephemeral_nfs/envs/pythonEnv-7445b201-ee05-4877-8e0a-3ce60106762e/bin/python
2025-06-30 21:01:13,700:INFO:   machine: Linux-5.15.0-1072-aws-aarch64-with-glibc2.35
2025-06-30 21:01:13,700:INFO:PyCaret required dependencies:
2025-06-30 21:01:13,703:INFO:                 pip: 24.2
2025-06-30 21:01:13,706:INFO:          setuptools: 75.1.0
2025-06-30 21:01:13,706:INFO:             pycaret: 3.3.2
2025-06-30 21:01:13,707:INFO:             IPython: 8.25.0
2025-06-30 21:01:13,707:INFO:          ipywidgets: 7.7.2
2025-06-30 21:01:13,707:INFO:                tqdm: 4.67.1
2025-06-30 21:01:13,707:INFO:               numpy: 1.23.5
2025-06-30 21:01:13,708:INFO:              pandas: 1.5.3
2025-06-30 21:01:13,708:INFO:              jinja2: 3.1.6
2025-06-30 21:01:13,708:INFO:               scipy: 1.11.1
2025-06-30 21:01:13,709:INFO:              joblib: 1.2.0
2025-06-30 21:01:13,711:INFO:             sklearn: 1.3.0
2025-06-30 21:01:13,711:INFO:                pyod: 2.0.5
2025-06-30 21:01:13,711:INFO:            imblearn: 0.13.0
2025-06-30 21:01:13,712:INFO:   category_encoders: 2.7.0
2025-06-30 21:01:13,712:INFO:            lightgbm: 4.6.0
2025-06-30 21:01:13,712:INFO:               numba: 0.61.0
2025-06-30 21:01:13,712:INFO:            requests: 2.31.0
2025-06-30 21:01:13,713:INFO:          matplotlib: 3.7.2
2025-06-30 21:01:13,713:INFO:          scikitplot: 0.3.7
2025-06-30 21:01:13,713:INFO:         yellowbrick: 1.5
2025-06-30 21:01:13,713:INFO:              plotly: 5.9.0
2025-06-30 21:01:13,713:INFO:    plotly-resampler: Not installed
2025-06-30 21:01:13,713:INFO:             kaleido: 1.0.0
2025-06-30 21:01:13,714:INFO:           schemdraw: 0.15
2025-06-30 21:01:13,714:INFO:         statsmodels: 0.14.0
2025-06-30 21:01:13,714:INFO:              sktime: 0.26.0
2025-06-30 21:01:13,714:INFO:               tbats: 1.1.3
2025-06-30 21:01:13,714:INFO:            pmdarima: 2.0.4
2025-06-30 21:01:13,715:INFO:              psutil: 5.9.0
2025-06-30 21:01:13,715:INFO:          markupsafe: 3.0.2
2025-06-30 21:01:13,715:INFO:             pickle5: Not installed
2025-06-30 21:01:13,715:INFO:         cloudpickle: 3.0.0
2025-06-30 21:01:13,717:INFO:         deprecation: 2.1.0
2025-06-30 21:01:13,717:INFO:              xxhash: 3.5.0
2025-06-30 21:01:13,718:INFO:           wurlitzer: 3.1.1
2025-06-30 21:01:13,718:INFO:PyCaret optional dependencies:
2025-06-30 21:01:13,718:INFO:                shap: 0.44.1
2025-06-30 21:01:13,718:INFO:           interpret: 0.6.13
2025-06-30 21:01:13,718:INFO:                umap: 0.5.7
2025-06-30 21:01:13,719:INFO:     ydata_profiling: 4.16.1
2025-06-30 21:01:13,719:INFO:  explainerdashboard: 0.5.1
2025-06-30 21:01:13,719:INFO:             autoviz: Not installed
2025-06-30 21:01:13,719:INFO:           fairlearn: 0.7.0
2025-06-30 21:01:13,719:INFO:          deepchecks: Not installed
2025-06-30 21:01:13,720:INFO:             xgboost: 3.0.2
2025-06-30 21:01:13,720:INFO:            catboost: 1.2.8
2025-06-30 21:01:13,720:INFO:              kmodes: 0.12.2
2025-06-30 21:01:13,720:INFO:             mlxtend: 0.23.4
2025-06-30 21:01:13,720:INFO:       statsforecast: 1.5.0
2025-06-30 21:01:13,720:INFO:        tune_sklearn: Not installed
2025-06-30 21:01:13,721:INFO:                 ray: Not installed
2025-06-30 21:01:13,721:INFO:            hyperopt: 0.2.7
2025-06-30 21:01:13,721:INFO:              optuna: 4.4.0
2025-06-30 21:01:13,721:INFO:               skopt: 0.10.2
2025-06-30 21:01:13,721:INFO:              mlflow: 2.11.4
2025-06-30 21:01:13,722:INFO:              gradio: 5.35.0
2025-06-30 21:01:13,722:INFO:             fastapi: 0.115.14
2025-06-30 21:01:13,722:INFO:             uvicorn: 0.35.0
2025-06-30 21:01:13,722:INFO:              m2cgen: 0.10.0
2025-06-30 21:01:13,722:INFO:           evidently: 0.4.40
2025-06-30 21:01:13,722:INFO:               fugue: 0.8.7
2025-06-30 21:01:13,723:INFO:           streamlit: Not installed
2025-06-30 21:01:13,723:INFO:             prophet: Not installed
2025-06-30 21:01:13,723:INFO:None
2025-06-30 21:01:13,723:INFO:Set up data.
2025-06-30 21:01:13,738:INFO:Set up folding strategy.
2025-06-30 21:01:13,739:INFO:Set up train/test split.
2025-06-30 21:01:13,745:INFO:Set up index.
2025-06-30 21:01:13,745:INFO:Assigning column types.
2025-06-30 21:01:13,748:INFO:Engine successfully changes for model 'lr' to 'sklearn'.
2025-06-30 21:01:13,749:INFO:Engine for model 'lasso' has not been set explicitly, hence returning None.
2025-06-30 21:01:13,753:INFO:Engine for model 'ridge' has not been set explicitly, hence returning None.
2025-06-30 21:01:13,758:INFO:Engine for model 'en' has not been set explicitly, hence returning None.
2025-06-30 21:01:13,810:INFO:Engine for model 'svm' has not been set explicitly, hence returning None.
2025-06-30 21:01:13,847:INFO:Engine for model 'knn' has not been set explicitly, hence returning None.
2025-06-30 21:01:13,848:INFO:Soft dependency imported: xgboost: 3.0.2
2025-06-30 21:01:13,850:INFO:Soft dependency imported: catboost: 1.2.8
2025-06-30 21:01:13,852:INFO:Engine for model 'lasso' has not been set explicitly, hence returning None.
2025-06-30 21:01:13,856:INFO:Engine for model 'ridge' has not been set explicitly, hence returning None.
2025-06-30 21:01:13,862:INFO:Engine for model 'en' has not been set explicitly, hence returning None.
2025-06-30 21:01:13,913:INFO:Engine for model 'svm' has not been set explicitly, hence returning None.
2025-06-30 21:01:13,953:INFO:Engine for model 'knn' has not been set explicitly, hence returning None.
2025-06-30 21:01:13,955:INFO:Soft dependency imported: xgboost: 3.0.2
2025-06-30 21:01:13,958:INFO:Soft dependency imported: catboost: 1.2.8
2025-06-30 21:01:13,959:INFO:Engine successfully changes for model 'lasso' to 'sklearn'.
2025-06-30 21:01:13,962:INFO:Engine for model 'ridge' has not been set explicitly, hence returning None.
2025-06-30 21:01:13,967:INFO:Engine for model 'en' has not been set explicitly, hence returning None.
2025-06-30 21:01:14,018:INFO:Engine for model 'svm' has not been set explicitly, hence returning None.
2025-06-30 21:01:14,059:INFO:Engine for model 'knn' has not been set explicitly, hence returning None.
2025-06-30 21:01:14,061:INFO:Soft dependency imported: xgboost: 3.0.2
2025-06-30 21:01:14,068:INFO:Soft dependency imported: catboost: 1.2.8
2025-06-30 21:01:14,073:INFO:Engine for model 'ridge' has not been set explicitly, hence returning None.
2025-06-30 21:01:14,077:INFO:Engine for model 'en' has not been set explicitly, hence returning None.
2025-06-30 21:01:14,124:INFO:Engine for model 'svm' has not been set explicitly, hence returning None.
2025-06-30 21:01:14,168:INFO:Engine for model 'knn' has not been set explicitly, hence returning None.
2025-06-30 21:01:14,169:INFO:Soft dependency imported: xgboost: 3.0.2
2025-06-30 21:01:14,186:INFO:Soft dependency imported: catboost: 1.2.8
2025-06-30 21:01:14,189:INFO:Engine successfully changes for model 'ridge' to 'sklearn'.
2025-06-30 21:01:14,198:INFO:Engine for model 'en' has not been set explicitly, hence returning None.
2025-06-30 21:01:14,250:INFO:Engine for model 'svm' has not been set explicitly, hence returning None.
2025-06-30 21:01:14,296:INFO:Engine for model 'knn' has not been set explicitly, hence returning None.
2025-06-30 21:01:14,314:INFO:Soft dependency imported: xgboost: 3.0.2
2025-06-30 21:01:14,319:INFO:Soft dependency imported: catboost: 1.2.8
2025-06-30 21:01:14,328:INFO:Engine for model 'en' has not been set explicitly, hence returning None.
2025-06-30 21:01:14,381:INFO:Engine for model 'svm' has not been set explicitly, hence returning None.
2025-06-30 21:01:14,432:INFO:Engine for model 'knn' has not been set explicitly, hence returning None.
2025-06-30 21:01:14,435:INFO:Soft dependency imported: xgboost: 3.0.2
2025-06-30 21:01:14,441:INFO:Soft dependency imported: catboost: 1.2.8
2025-06-30 21:01:14,442:INFO:Engine successfully changes for model 'en' to 'sklearn'.
2025-06-30 21:01:14,500:INFO:Engine for model 'svm' has not been set explicitly, hence returning None.
2025-06-30 21:01:14,549:INFO:Engine for model 'knn' has not been set explicitly, hence returning None.
2025-06-30 21:01:14,553:INFO:Soft dependency imported: xgboost: 3.0.2
2025-06-30 21:01:14,557:INFO:Soft dependency imported: catboost: 1.2.8
2025-06-30 21:01:14,613:INFO:Engine for model 'svm' has not been set explicitly, hence returning None.
2025-06-30 21:01:14,649:INFO:Engine for model 'knn' has not been set explicitly, hence returning None.
2025-06-30 21:01:14,650:INFO:Soft dependency imported: xgboost: 3.0.2
2025-06-30 21:01:14,653:INFO:Soft dependency imported: catboost: 1.2.8
2025-06-30 21:01:14,653:INFO:Engine successfully changes for model 'knn' to 'sklearn'.
2025-06-30 21:01:14,707:INFO:Engine for model 'svm' has not been set explicitly, hence returning None.
2025-06-30 21:01:14,743:INFO:Soft dependency imported: xgboost: 3.0.2
2025-06-30 21:01:14,746:INFO:Soft dependency imported: catboost: 1.2.8
2025-06-30 21:01:14,801:INFO:Engine for model 'svm' has not been set explicitly, hence returning None.
2025-06-30 21:01:14,839:INFO:Soft dependency imported: xgboost: 3.0.2
2025-06-30 21:01:14,841:INFO:Soft dependency imported: catboost: 1.2.8
2025-06-30 21:01:14,842:INFO:Engine successfully changes for model 'svm' to 'sklearn'.
2025-06-30 21:01:14,931:INFO:Soft dependency imported: xgboost: 3.0.2
2025-06-30 21:01:14,936:INFO:Soft dependency imported: catboost: 1.2.8
2025-06-30 21:01:15,027:INFO:Soft dependency imported: xgboost: 3.0.2
2025-06-30 21:01:15,035:INFO:Soft dependency imported: catboost: 1.2.8
2025-06-30 21:01:15,040:INFO:Preparing preprocessing pipeline...
2025-06-30 21:01:15,041:INFO:Set up simple imputation.
2025-06-30 21:01:15,043:INFO:Set up encoding of categorical features.
2025-06-30 21:01:15,207:WARNING:/local_disk0/.ephemeral_nfs/envs/pythonEnv-7445b201-ee05-4877-8e0a-3ce60106762e/lib/python3.11/site-packages/sklearn/impute/_base.py:577: UserWarning: Skipping features without any observed values: ['street']. At least one non-missing value is needed for imputation with strategy='most_frequent'.

2025-06-30 21:02:29,203:INFO:PyCaret RegressionExperiment
2025-06-30 21:02:29,204:INFO:Logging name: reg-default-name
2025-06-30 21:02:29,204:INFO:ML Usecase: MLUsecase.REGRESSION
2025-06-30 21:02:29,204:INFO:version 3.3.2
2025-06-30 21:02:29,204:INFO:Initializing setup()
2025-06-30 21:02:29,205:INFO:self.USI: 2257
2025-06-30 21:02:29,205:INFO:self._variable_keys: {'pipeline', 'y', 'gpu_n_jobs_param', 'n_jobs_param', '_available_plots', 'html_param', 'X', 'exp_name_log', 'fold_groups_param', 'target_param', 'fold_shuffle_param', 'seed', 'X_test', 'idx', 'y_train', 'memory', 'data', 'log_plots_param', 'USI', '_ml_usecase', 'X_train', 'gpu_param', 'transform_target_param', 'fold_generator', 'exp_id', 'logging_param', 'y_test'}
2025-06-30 21:02:29,205:INFO:Checking environment
2025-06-30 21:02:29,206:INFO:python_version: 3.11.10
2025-06-30 21:02:29,206:INFO:python_build: ('main', 'Sep  7 2024 18:35:41')
2025-06-30 21:02:29,206:INFO:machine: aarch64
2025-06-30 21:02:29,206:INFO:platform: Linux-5.15.0-1072-aws-aarch64-with-glibc2.35
2025-06-30 21:02:29,207:INFO:Memory: svmem(total=16444416000, available=6508662784, percent=60.4, used=9652903936, free=1169608704, active=3633192960, inactive=10407571456, buffers=174596096, cached=5447307264, shared=2482176, slab=943230976)
2025-06-30 21:02:29,207:INFO:Physical Core: 2
2025-06-30 21:02:29,207:INFO:Logical Core: 2
2025-06-30 21:02:29,208:INFO:Checking libraries
2025-06-30 21:02:29,208:INFO:System:
2025-06-30 21:02:29,208:INFO:    python: 3.11.10 (main, Sep  7 2024, 18:35:41) [GCC 11.4.0]
2025-06-30 21:02:29,208:INFO:executable: /local_disk0/.ephemeral_nfs/envs/pythonEnv-7445b201-ee05-4877-8e0a-3ce60106762e/bin/python
2025-06-30 21:02:29,208:INFO:   machine: Linux-5.15.0-1072-aws-aarch64-with-glibc2.35
2025-06-30 21:02:29,208:INFO:PyCaret required dependencies:
2025-06-30 21:02:29,209:INFO:                 pip: 24.2
2025-06-30 21:02:29,209:INFO:          setuptools: 75.1.0
2025-06-30 21:02:29,210:INFO:             pycaret: 3.3.2
2025-06-30 21:02:29,210:INFO:             IPython: 8.25.0
2025-06-30 21:02:29,210:INFO:          ipywidgets: 7.7.2
2025-06-30 21:02:29,210:INFO:                tqdm: 4.67.1
2025-06-30 21:02:29,210:INFO:               numpy: 1.23.5
2025-06-30 21:02:29,211:INFO:              pandas: 1.5.3
2025-06-30 21:02:29,211:INFO:              jinja2: 3.1.6
2025-06-30 21:02:29,211:INFO:               scipy: 1.11.1
2025-06-30 21:02:29,211:INFO:              joblib: 1.2.0
2025-06-30 21:02:29,213:INFO:             sklearn: 1.3.0
2025-06-30 21:02:29,213:INFO:                pyod: 2.0.5
2025-06-30 21:02:29,213:INFO:            imblearn: 0.13.0
2025-06-30 21:02:29,213:INFO:   category_encoders: 2.7.0
2025-06-30 21:02:29,213:INFO:            lightgbm: 4.6.0
2025-06-30 21:02:29,213:INFO:               numba: 0.61.0
2025-06-30 21:02:29,213:INFO:            requests: 2.31.0
2025-06-30 21:02:29,213:INFO:          matplotlib: 3.7.2
2025-06-30 21:02:29,213:INFO:          scikitplot: 0.3.7
2025-06-30 21:02:29,214:INFO:         yellowbrick: 1.5
2025-06-30 21:02:29,214:INFO:              plotly: 5.9.0
2025-06-30 21:02:29,214:INFO:    plotly-resampler: Not installed
2025-06-30 21:02:29,214:INFO:             kaleido: 1.0.0
2025-06-30 21:02:29,214:INFO:           schemdraw: 0.15
2025-06-30 21:02:29,214:INFO:         statsmodels: 0.14.0
2025-06-30 21:02:29,214:INFO:              sktime: 0.26.0
2025-06-30 21:02:29,214:INFO:               tbats: 1.1.3
2025-06-30 21:02:29,215:INFO:            pmdarima: 2.0.4
2025-06-30 21:02:29,215:INFO:              psutil: 5.9.0
2025-06-30 21:02:29,215:INFO:          markupsafe: 3.0.2
2025-06-30 21:02:29,215:INFO:             pickle5: Not installed
2025-06-30 21:02:29,215:INFO:         cloudpickle: 3.0.0
2025-06-30 21:02:29,215:INFO:         deprecation: 2.1.0
2025-06-30 21:02:29,215:INFO:              xxhash: 3.5.0
2025-06-30 21:02:29,215:INFO:           wurlitzer: 3.1.1
2025-06-30 21:02:29,216:INFO:PyCaret optional dependencies:
2025-06-30 21:02:29,216:INFO:                shap: 0.44.1
2025-06-30 21:02:29,216:INFO:           interpret: 0.6.13
2025-06-30 21:02:29,216:INFO:                umap: 0.5.7
2025-06-30 21:02:29,216:INFO:     ydata_profiling: 4.16.1
2025-06-30 21:02:29,216:INFO:  explainerdashboard: 0.5.1
2025-06-30 21:02:29,216:INFO:             autoviz: Not installed
2025-06-30 21:02:29,216:INFO:           fairlearn: 0.7.0
2025-06-30 21:02:29,216:INFO:          deepchecks: Not installed
2025-06-30 21:02:29,217:INFO:             xgboost: 3.0.2
2025-06-30 21:02:29,217:INFO:            catboost: 1.2.8
2025-06-30 21:02:29,217:INFO:              kmodes: 0.12.2
2025-06-30 21:02:29,217:INFO:             mlxtend: 0.23.4
2025-06-30 21:02:29,217:INFO:       statsforecast: 1.5.0
2025-06-30 21:02:29,217:INFO:        tune_sklearn: Not installed
2025-06-30 21:02:29,217:INFO:                 ray: Not installed
2025-06-30 21:02:29,217:INFO:            hyperopt: 0.2.7
2025-06-30 21:02:29,217:INFO:              optuna: 4.4.0
2025-06-30 21:02:29,217:INFO:               skopt: 0.10.2
2025-06-30 21:02:29,218:INFO:              mlflow: 2.11.4
2025-06-30 21:02:29,218:INFO:              gradio: 5.35.0
2025-06-30 21:02:29,218:INFO:             fastapi: 0.115.14
2025-06-30 21:02:29,218:INFO:             uvicorn: 0.35.0
2025-06-30 21:02:29,218:INFO:              m2cgen: 0.10.0
2025-06-30 21:02:29,218:INFO:           evidently: 0.4.40
2025-06-30 21:02:29,218:INFO:               fugue: 0.8.7
2025-06-30 21:02:29,218:INFO:           streamlit: Not installed
2025-06-30 21:02:29,219:INFO:             prophet: Not installed
2025-06-30 21:02:29,219:INFO:None
2025-06-30 21:02:29,219:INFO:Set up data.
2025-06-30 21:02:29,230:INFO:Set up folding strategy.
2025-06-30 21:02:29,230:INFO:Set up train/test split.
2025-06-30 21:02:29,236:INFO:Set up index.
2025-06-30 21:02:29,236:INFO:Assigning column types.
2025-06-30 21:02:29,239:INFO:Engine successfully changes for model 'lr' to 'sklearn'.
2025-06-30 21:02:29,239:INFO:Engine for model 'lasso' has not been set explicitly, hence returning None.
2025-06-30 21:02:29,243:INFO:Engine for model 'ridge' has not been set explicitly, hence returning None.
2025-06-30 21:02:29,247:INFO:Engine for model 'en' has not been set explicitly, hence returning None.
2025-06-30 21:02:29,302:INFO:Engine for model 'svm' has not been set explicitly, hence returning None.
2025-06-30 21:02:29,343:INFO:Engine for model 'knn' has not been set explicitly, hence returning None.
2025-06-30 21:02:29,347:INFO:Soft dependency imported: xgboost: 3.0.2
2025-06-30 21:02:29,357:INFO:Soft dependency imported: catboost: 1.2.8
2025-06-30 21:02:29,358:INFO:Engine for model 'lasso' has not been set explicitly, hence returning None.
2025-06-30 21:02:29,362:INFO:Engine for model 'ridge' has not been set explicitly, hence returning None.
2025-06-30 21:02:29,367:INFO:Engine for model 'en' has not been set explicitly, hence returning None.
2025-06-30 21:02:29,435:INFO:Engine for model 'svm' has not been set explicitly, hence returning None.
2025-06-30 21:02:29,504:INFO:Engine for model 'knn' has not been set explicitly, hence returning None.
2025-06-30 21:02:29,505:INFO:Soft dependency imported: xgboost: 3.0.2
2025-06-30 21:02:29,508:INFO:Soft dependency imported: catboost: 1.2.8
2025-06-30 21:02:29,509:INFO:Engine successfully changes for model 'lasso' to 'sklearn'.
2025-06-30 21:02:29,513:INFO:Engine for model 'ridge' has not been set explicitly, hence returning None.
2025-06-30 21:02:29,517:INFO:Engine for model 'en' has not been set explicitly, hence returning None.
2025-06-30 21:02:29,565:INFO:Engine for model 'svm' has not been set explicitly, hence returning None.
2025-06-30 21:02:29,603:INFO:Engine for model 'knn' has not been set explicitly, hence returning None.
2025-06-30 21:02:29,605:INFO:Soft dependency imported: xgboost: 3.0.2
2025-06-30 21:02:29,609:INFO:Soft dependency imported: catboost: 1.2.8
2025-06-30 21:02:29,614:INFO:Engine for model 'ridge' has not been set explicitly, hence returning None.
2025-06-30 21:02:29,618:INFO:Engine for model 'en' has not been set explicitly, hence returning None.
2025-06-30 21:02:29,667:INFO:Engine for model 'svm' has not been set explicitly, hence returning None.
2025-06-30 21:02:29,705:INFO:Engine for model 'knn' has not been set explicitly, hence returning None.
2025-06-30 21:02:29,706:INFO:Soft dependency imported: xgboost: 3.0.2
2025-06-30 21:02:29,709:INFO:Soft dependency imported: catboost: 1.2.8
2025-06-30 21:02:29,710:INFO:Engine successfully changes for model 'ridge' to 'sklearn'.
2025-06-30 21:02:29,718:INFO:Engine for model 'en' has not been set explicitly, hence returning None.
2025-06-30 21:02:29,766:INFO:Engine for model 'svm' has not been set explicitly, hence returning None.
2025-06-30 21:02:29,804:INFO:Engine for model 'knn' has not been set explicitly, hence returning None.
2025-06-30 21:02:29,805:INFO:Soft dependency imported: xgboost: 3.0.2
2025-06-30 21:02:29,808:INFO:Soft dependency imported: catboost: 1.2.8
2025-06-30 21:02:29,816:INFO:Engine for model 'en' has not been set explicitly, hence returning None.
2025-06-30 21:02:29,863:INFO:Engine for model 'svm' has not been set explicitly, hence returning None.
2025-06-30 21:02:29,900:INFO:Engine for model 'knn' has not been set explicitly, hence returning None.
2025-06-30 21:02:29,904:INFO:Soft dependency imported: xgboost: 3.0.2
2025-06-30 21:02:29,907:INFO:Soft dependency imported: catboost: 1.2.8
2025-06-30 21:02:29,908:INFO:Engine successfully changes for model 'en' to 'sklearn'.
2025-06-30 21:02:29,965:INFO:Engine for model 'svm' has not been set explicitly, hence returning None.
2025-06-30 21:02:30,002:INFO:Engine for model 'knn' has not been set explicitly, hence returning None.
2025-06-30 21:02:30,003:INFO:Soft dependency imported: xgboost: 3.0.2
2025-06-30 21:02:30,006:INFO:Soft dependency imported: catboost: 1.2.8
2025-06-30 21:02:30,064:INFO:Engine for model 'svm' has not been set explicitly, hence returning None.
2025-06-30 21:02:30,101:INFO:Engine for model 'knn' has not been set explicitly, hence returning None.
2025-06-30 21:02:30,108:INFO:Soft dependency imported: xgboost: 3.0.2
2025-06-30 21:02:30,120:INFO:Soft dependency imported: catboost: 1.2.8
2025-06-30 21:02:30,121:INFO:Engine successfully changes for model 'knn' to 'sklearn'.
2025-06-30 21:02:30,222:INFO:Engine for model 'svm' has not been set explicitly, hence returning None.
2025-06-30 21:02:30,261:INFO:Soft dependency imported: xgboost: 3.0.2
2025-06-30 21:02:30,267:INFO:Soft dependency imported: catboost: 1.2.8
2025-06-30 21:02:30,329:INFO:Engine for model 'svm' has not been set explicitly, hence returning None.
2025-06-30 21:02:30,372:INFO:Soft dependency imported: xgboost: 3.0.2
2025-06-30 21:02:30,389:INFO:Soft dependency imported: catboost: 1.2.8
2025-06-30 21:02:30,409:INFO:Engine successfully changes for model 'svm' to 'sklearn'.
2025-06-30 21:02:30,526:INFO:Soft dependency imported: xgboost: 3.0.2
2025-06-30 21:02:30,532:INFO:Soft dependency imported: catboost: 1.2.8
2025-06-30 21:02:30,673:INFO:Soft dependency imported: xgboost: 3.0.2
2025-06-30 21:02:30,681:INFO:Soft dependency imported: catboost: 1.2.8
2025-06-30 21:02:30,683:INFO:Preparing preprocessing pipeline...
2025-06-30 21:02:30,689:INFO:Set up simple imputation.
2025-06-30 21:02:30,692:INFO:Set up encoding of categorical features.
2025-06-30 21:02:30,850:WARNING:/local_disk0/.ephemeral_nfs/envs/pythonEnv-7445b201-ee05-4877-8e0a-3ce60106762e/lib/python3.11/site-packages/sklearn/impute/_base.py:577: UserWarning: Skipping features without any observed values: ['street']. At least one non-missing value is needed for imputation with strategy='most_frequent'.

2025-06-30 21:11:22,239:WARNING:
'cuml' is a soft dependency and not included in the pycaret installation. Please run: `pip install cuml` to install.
2025-06-30 21:11:22,240:WARNING:
'cuml' is a soft dependency and not included in the pycaret installation. Please run: `pip install cuml` to install.
2025-06-30 21:11:22,240:WARNING:
'cuml' is a soft dependency and not included in the pycaret installation. Please run: `pip install cuml` to install.
2025-06-30 21:11:22,240:WARNING:
'cuml' is a soft dependency and not included in the pycaret installation. Please run: `pip install cuml` to install.
2025-06-30 21:18:21,836:INFO:PyCaret RegressionExperiment
2025-06-30 21:18:21,837:INFO:Logging name: reg-default-name
2025-06-30 21:18:21,837:INFO:ML Usecase: MLUsecase.REGRESSION
2025-06-30 21:18:21,837:INFO:version 3.3.2
2025-06-30 21:18:21,837:INFO:Initializing setup()
2025-06-30 21:18:21,838:INFO:self.USI: 25a2
2025-06-30 21:18:21,838:INFO:self._variable_keys: {'pipeline', 'y', 'gpu_n_jobs_param', 'n_jobs_param', '_available_plots', 'html_param', 'X', 'exp_name_log', 'fold_groups_param', 'target_param', 'fold_shuffle_param', 'seed', 'X_test', 'idx', 'y_train', 'memory', 'data', 'log_plots_param', 'USI', '_ml_usecase', 'X_train', 'gpu_param', 'transform_target_param', 'fold_generator', 'exp_id', 'logging_param', 'y_test'}
2025-06-30 21:18:21,838:INFO:Checking environment
2025-06-30 21:18:21,838:INFO:python_version: 3.11.10
2025-06-30 21:18:21,838:INFO:python_build: ('main', 'Sep  7 2024 18:35:41')
2025-06-30 21:18:21,838:INFO:machine: aarch64
2025-06-30 21:18:21,839:INFO:platform: Linux-5.15.0-1072-aws-aarch64-with-glibc2.35
2025-06-30 21:18:21,839:INFO:Memory: svmem(total=16444416000, available=6871556096, percent=58.2, used=9298300928, free=498528256, active=3843248128, inactive=10878365696, buffers=225677312, cached=6421909504, shared=2478080, slab=933220352)
2025-06-30 21:18:21,840:INFO:Physical Core: 2
2025-06-30 21:18:21,840:INFO:Logical Core: 2
2025-06-30 21:18:21,840:INFO:Checking libraries
2025-06-30 21:18:21,840:INFO:System:
2025-06-30 21:18:21,841:INFO:    python: 3.11.10 (main, Sep  7 2024, 18:35:41) [GCC 11.4.0]
2025-06-30 21:18:21,841:INFO:executable: /local_disk0/.ephemeral_nfs/envs/pythonEnv-02f36372-3e32-4c8c-ab27-840f37207c59/bin/python
2025-06-30 21:18:21,841:INFO:   machine: Linux-5.15.0-1072-aws-aarch64-with-glibc2.35
2025-06-30 21:18:21,841:INFO:PyCaret required dependencies:
2025-06-30 21:18:22,547:INFO:                 pip: 24.2
2025-06-30 21:18:22,548:INFO:          setuptools: 75.1.0
2025-06-30 21:18:22,548:INFO:             pycaret: 3.3.2
2025-06-30 21:18:22,548:INFO:             IPython: 8.25.0
2025-06-30 21:18:22,548:INFO:          ipywidgets: 7.7.2
2025-06-30 21:18:22,549:INFO:                tqdm: 4.67.1
2025-06-30 21:18:22,549:INFO:               numpy: 1.23.5
2025-06-30 21:18:22,549:INFO:              pandas: 1.5.3
2025-06-30 21:18:22,549:INFO:              jinja2: 3.1.6
2025-06-30 21:18:22,549:INFO:               scipy: 1.11.1
2025-06-30 21:18:22,551:INFO:              joblib: 1.2.0
2025-06-30 21:18:22,551:INFO:             sklearn: 1.3.0
2025-06-30 21:18:22,551:INFO:                pyod: 2.0.5
2025-06-30 21:18:22,552:INFO:            imblearn: 0.13.0
2025-06-30 21:18:22,552:INFO:   category_encoders: 2.7.0
2025-06-30 21:18:22,564:INFO:            lightgbm: 4.6.0
2025-06-30 21:18:22,564:INFO:               numba: 0.61.0
2025-06-30 21:18:22,564:INFO:            requests: 2.31.0
2025-06-30 21:18:22,565:INFO:          matplotlib: 3.7.2
2025-06-30 21:18:22,565:INFO:          scikitplot: 0.3.7
2025-06-30 21:18:22,565:INFO:         yellowbrick: 1.5
2025-06-30 21:18:22,565:INFO:              plotly: 5.9.0
2025-06-30 21:18:22,566:INFO:    plotly-resampler: Not installed
2025-06-30 21:18:22,566:INFO:             kaleido: 1.0.0
2025-06-30 21:18:22,566:INFO:           schemdraw: 0.15
2025-06-30 21:18:22,566:INFO:         statsmodels: 0.14.0
2025-06-30 21:18:22,566:INFO:              sktime: 0.26.0
2025-06-30 21:18:22,567:INFO:               tbats: 1.1.3
2025-06-30 21:18:22,567:INFO:            pmdarima: 2.0.4
2025-06-30 21:18:22,567:INFO:              psutil: 5.9.0
2025-06-30 21:18:22,568:INFO:          markupsafe: 3.0.2
2025-06-30 21:18:22,568:INFO:             pickle5: Not installed
2025-06-30 21:18:22,568:INFO:         cloudpickle: 3.0.0
2025-06-30 21:18:22,568:INFO:         deprecation: 2.1.0
2025-06-30 21:18:22,568:INFO:              xxhash: 3.5.0
2025-06-30 21:18:22,568:INFO:           wurlitzer: 3.1.1
2025-06-30 21:18:22,569:INFO:PyCaret optional dependencies:
2025-06-30 21:18:25,364:INFO:                shap: 0.44.1
2025-06-30 21:18:25,364:INFO:           interpret: 0.6.13
2025-06-30 21:18:25,364:INFO:                umap: 0.5.7
2025-06-30 21:18:25,365:INFO:     ydata_profiling: 4.16.1
2025-06-30 21:18:25,365:INFO:  explainerdashboard: 0.5.1
2025-06-30 21:18:25,365:INFO:             autoviz: Not installed
2025-06-30 21:18:25,365:INFO:           fairlearn: 0.7.0
2025-06-30 21:18:25,365:INFO:          deepchecks: Not installed
2025-06-30 21:18:25,365:INFO:             xgboost: 3.0.2
2025-06-30 21:18:25,365:INFO:            catboost: 1.2.8
2025-06-30 21:18:25,366:INFO:              kmodes: 0.12.2
2025-06-30 21:18:25,366:INFO:             mlxtend: 0.23.4
2025-06-30 21:18:25,366:INFO:       statsforecast: 1.5.0
2025-06-30 21:18:25,366:INFO:        tune_sklearn: Not installed
2025-06-30 21:18:25,366:INFO:                 ray: Not installed
2025-06-30 21:18:25,366:INFO:            hyperopt: 0.2.7
2025-06-30 21:18:25,366:INFO:              optuna: 4.4.0
2025-06-30 21:18:25,366:INFO:               skopt: 0.10.2
2025-06-30 21:18:25,367:INFO:              mlflow: 2.11.4
2025-06-30 21:18:25,367:INFO:              gradio: 5.35.0
2025-06-30 21:18:25,367:INFO:             fastapi: 0.115.14
2025-06-30 21:18:25,367:INFO:             uvicorn: 0.35.0
2025-06-30 21:18:25,367:INFO:              m2cgen: 0.10.0
2025-06-30 21:18:25,367:INFO:           evidently: 0.4.40
2025-06-30 21:18:25,367:INFO:               fugue: 0.8.7
2025-06-30 21:18:25,368:INFO:           streamlit: Not installed
2025-06-30 21:18:25,368:INFO:             prophet: Not installed
2025-06-30 21:18:25,368:INFO:None
2025-06-30 21:18:25,368:INFO:Set up data.
2025-06-30 21:18:25,391:INFO:Set up folding strategy.
2025-06-30 21:18:25,391:INFO:Set up train/test split.
2025-06-30 21:18:25,403:INFO:Set up index.
2025-06-30 21:18:25,404:INFO:Assigning column types.
2025-06-30 21:18:25,409:INFO:Engine successfully changes for model 'lr' to 'sklearn'.
2025-06-30 21:18:25,412:INFO:Engine for model 'lasso' has not been set explicitly, hence returning None.
2025-06-30 21:18:25,422:INFO:Engine for model 'ridge' has not been set explicitly, hence returning None.
2025-06-30 21:18:25,426:INFO:Engine for model 'en' has not been set explicitly, hence returning None.
2025-06-30 21:18:25,479:INFO:Engine for model 'svm' has not been set explicitly, hence returning None.
2025-06-30 21:18:25,523:INFO:Engine for model 'knn' has not been set explicitly, hence returning None.
2025-06-30 21:18:25,524:INFO:Soft dependency imported: xgboost: 3.0.2
2025-06-30 21:18:25,526:INFO:Soft dependency imported: catboost: 1.2.8
2025-06-30 21:18:25,545:INFO:Engine for model 'lasso' has not been set explicitly, hence returning None.
2025-06-30 21:18:25,549:INFO:Engine for model 'ridge' has not been set explicitly, hence returning None.
2025-06-30 21:18:25,553:INFO:Engine for model 'en' has not been set explicitly, hence returning None.
2025-06-30 21:18:25,602:INFO:Engine for model 'svm' has not been set explicitly, hence returning None.
2025-06-30 21:18:25,638:INFO:Engine for model 'knn' has not been set explicitly, hence returning None.
2025-06-30 21:18:25,639:INFO:Soft dependency imported: xgboost: 3.0.2
2025-06-30 21:18:25,642:INFO:Soft dependency imported: catboost: 1.2.8
2025-06-30 21:18:25,642:INFO:Engine successfully changes for model 'lasso' to 'sklearn'.
2025-06-30 21:18:25,646:INFO:Engine for model 'ridge' has not been set explicitly, hence returning None.
2025-06-30 21:18:25,650:INFO:Engine for model 'en' has not been set explicitly, hence returning None.
2025-06-30 21:18:25,701:INFO:Engine for model 'svm' has not been set explicitly, hence returning None.
2025-06-30 21:18:25,749:INFO:Engine for model 'knn' has not been set explicitly, hence returning None.
2025-06-30 21:18:25,750:INFO:Soft dependency imported: xgboost: 3.0.2
2025-06-30 21:18:25,753:INFO:Soft dependency imported: catboost: 1.2.8
2025-06-30 21:18:25,758:INFO:Engine for model 'ridge' has not been set explicitly, hence returning None.
2025-06-30 21:18:25,762:INFO:Engine for model 'en' has not been set explicitly, hence returning None.
2025-06-30 21:18:25,810:INFO:Engine for model 'svm' has not been set explicitly, hence returning None.
2025-06-30 21:18:25,847:INFO:Engine for model 'knn' has not been set explicitly, hence returning None.
2025-06-30 21:18:25,848:INFO:Soft dependency imported: xgboost: 3.0.2
2025-06-30 21:18:25,850:INFO:Soft dependency imported: catboost: 1.2.8
2025-06-30 21:18:25,851:INFO:Engine successfully changes for model 'ridge' to 'sklearn'.
2025-06-30 21:18:25,859:INFO:Engine for model 'en' has not been set explicitly, hence returning None.
2025-06-30 21:18:25,907:INFO:Engine for model 'svm' has not been set explicitly, hence returning None.
2025-06-30 21:18:25,944:INFO:Engine for model 'knn' has not been set explicitly, hence returning None.
2025-06-30 21:18:25,945:INFO:Soft dependency imported: xgboost: 3.0.2
2025-06-30 21:18:25,948:INFO:Soft dependency imported: catboost: 1.2.8
2025-06-30 21:18:25,956:INFO:Engine for model 'en' has not been set explicitly, hence returning None.
2025-06-30 21:18:26,002:INFO:Engine for model 'svm' has not been set explicitly, hence returning None.
2025-06-30 21:18:26,038:INFO:Engine for model 'knn' has not been set explicitly, hence returning None.
2025-06-30 21:18:26,040:INFO:Soft dependency imported: xgboost: 3.0.2
2025-06-30 21:18:26,042:INFO:Soft dependency imported: catboost: 1.2.8
2025-06-30 21:18:26,043:INFO:Engine successfully changes for model 'en' to 'sklearn'.
2025-06-30 21:18:26,101:INFO:Engine for model 'svm' has not been set explicitly, hence returning None.
2025-06-30 21:18:26,146:INFO:Engine for model 'knn' has not been set explicitly, hence returning None.
2025-06-30 21:18:26,147:INFO:Soft dependency imported: xgboost: 3.0.2
2025-06-30 21:18:26,149:INFO:Soft dependency imported: catboost: 1.2.8
2025-06-30 21:18:26,210:INFO:Engine for model 'svm' has not been set explicitly, hence returning None.
2025-06-30 21:18:26,248:INFO:Engine for model 'knn' has not been set explicitly, hence returning None.
2025-06-30 21:18:26,251:INFO:Soft dependency imported: xgboost: 3.0.2
2025-06-30 21:18:26,254:INFO:Soft dependency imported: catboost: 1.2.8
2025-06-30 21:18:26,255:INFO:Engine successfully changes for model 'knn' to 'sklearn'.
2025-06-30 21:18:26,311:INFO:Engine for model 'svm' has not been set explicitly, hence returning None.
2025-06-30 21:18:26,352:INFO:Soft dependency imported: xgboost: 3.0.2
2025-06-30 21:18:26,358:INFO:Soft dependency imported: catboost: 1.2.8
2025-06-30 21:18:26,421:INFO:Engine for model 'svm' has not been set explicitly, hence returning None.
2025-06-30 21:18:26,459:INFO:Soft dependency imported: xgboost: 3.0.2
2025-06-30 21:18:26,464:INFO:Soft dependency imported: catboost: 1.2.8
2025-06-30 21:18:26,465:INFO:Engine successfully changes for model 'svm' to 'sklearn'.
2025-06-30 21:18:26,562:INFO:Soft dependency imported: xgboost: 3.0.2
2025-06-30 21:18:26,565:INFO:Soft dependency imported: catboost: 1.2.8
2025-06-30 21:18:26,701:INFO:Soft dependency imported: xgboost: 3.0.2
2025-06-30 21:18:26,704:INFO:Soft dependency imported: catboost: 1.2.8
2025-06-30 21:18:40,634:INFO:PyCaret RegressionExperiment
2025-06-30 21:18:40,635:INFO:Logging name: reg-default-name
2025-06-30 21:18:40,635:INFO:ML Usecase: MLUsecase.REGRESSION
2025-06-30 21:18:40,635:INFO:version 3.3.2
2025-06-30 21:18:40,635:INFO:Initializing setup()
2025-06-30 21:18:40,636:INFO:self.USI: ea95
2025-06-30 21:18:40,636:INFO:self._variable_keys: {'pipeline', 'y', 'gpu_n_jobs_param', 'n_jobs_param', '_available_plots', 'html_param', 'X', 'exp_name_log', 'fold_groups_param', 'target_param', 'fold_shuffle_param', 'seed', 'X_test', 'idx', 'y_train', 'memory', 'data', 'log_plots_param', 'USI', '_ml_usecase', 'X_train', 'gpu_param', 'transform_target_param', 'fold_generator', 'exp_id', 'logging_param', 'y_test'}
2025-06-30 21:18:40,636:INFO:Checking environment
2025-06-30 21:18:40,636:INFO:python_version: 3.11.10
2025-06-30 21:18:40,636:INFO:python_build: ('main', 'Sep  7 2024 18:35:41')
2025-06-30 21:18:40,636:INFO:machine: aarch64
2025-06-30 21:18:40,636:INFO:platform: Linux-5.15.0-1072-aws-aarch64-with-glibc2.35
2025-06-30 21:18:40,637:INFO:Memory: svmem(total=16444416000, available=6724390912, percent=59.1, used=9445564416, free=328273920, active=3895537664, inactive=10972606464, buffers=225845248, cached=6444732416, shared=2482176, slab=936779776)
2025-06-30 21:18:40,637:INFO:Physical Core: 2
2025-06-30 21:18:40,637:INFO:Logical Core: 2
2025-06-30 21:18:40,638:INFO:Checking libraries
2025-06-30 21:18:40,638:INFO:System:
2025-06-30 21:18:40,638:INFO:    python: 3.11.10 (main, Sep  7 2024, 18:35:41) [GCC 11.4.0]
2025-06-30 21:18:40,638:INFO:executable: /local_disk0/.ephemeral_nfs/envs/pythonEnv-02f36372-3e32-4c8c-ab27-840f37207c59/bin/python
2025-06-30 21:18:40,638:INFO:   machine: Linux-5.15.0-1072-aws-aarch64-with-glibc2.35
2025-06-30 21:18:40,638:INFO:PyCaret required dependencies:
2025-06-30 21:18:40,639:INFO:                 pip: 24.2
2025-06-30 21:18:40,639:INFO:          setuptools: 75.1.0
2025-06-30 21:18:40,639:INFO:             pycaret: 3.3.2
2025-06-30 21:18:40,639:INFO:             IPython: 8.25.0
2025-06-30 21:18:40,639:INFO:          ipywidgets: 7.7.2
2025-06-30 21:18:40,640:INFO:                tqdm: 4.67.1
2025-06-30 21:18:40,640:INFO:               numpy: 1.23.5
2025-06-30 21:18:40,640:INFO:              pandas: 1.5.3
2025-06-30 21:18:40,640:INFO:              jinja2: 3.1.6
2025-06-30 21:18:40,640:INFO:               scipy: 1.11.1
2025-06-30 21:18:40,641:INFO:              joblib: 1.2.0
2025-06-30 21:18:40,641:INFO:             sklearn: 1.3.0
2025-06-30 21:18:40,641:INFO:                pyod: 2.0.5
2025-06-30 21:18:40,641:INFO:            imblearn: 0.13.0
2025-06-30 21:18:40,641:INFO:   category_encoders: 2.7.0
2025-06-30 21:18:40,641:INFO:            lightgbm: 4.6.0
2025-06-30 21:18:40,642:INFO:               numba: 0.61.0
2025-06-30 21:18:40,642:INFO:            requests: 2.31.0
2025-06-30 21:18:40,642:INFO:          matplotlib: 3.7.2
2025-06-30 21:18:40,642:INFO:          scikitplot: 0.3.7
2025-06-30 21:18:40,642:INFO:         yellowbrick: 1.5
2025-06-30 21:18:40,642:INFO:              plotly: 5.9.0
2025-06-30 21:18:40,643:INFO:    plotly-resampler: Not installed
2025-06-30 21:18:40,643:INFO:             kaleido: 1.0.0
2025-06-30 21:18:40,643:INFO:           schemdraw: 0.15
2025-06-30 21:18:40,643:INFO:         statsmodels: 0.14.0
2025-06-30 21:18:40,643:INFO:              sktime: 0.26.0
2025-06-30 21:18:40,643:INFO:               tbats: 1.1.3
2025-06-30 21:18:40,643:INFO:            pmdarima: 2.0.4
2025-06-30 21:18:40,644:INFO:              psutil: 5.9.0
2025-06-30 21:18:40,644:INFO:          markupsafe: 3.0.2
2025-06-30 21:18:40,644:INFO:             pickle5: Not installed
2025-06-30 21:18:40,644:INFO:         cloudpickle: 3.0.0
2025-06-30 21:18:40,644:INFO:         deprecation: 2.1.0
2025-06-30 21:18:40,644:INFO:              xxhash: 3.5.0
2025-06-30 21:18:40,645:INFO:           wurlitzer: 3.1.1
2025-06-30 21:18:40,645:INFO:PyCaret optional dependencies:
2025-06-30 21:18:40,645:INFO:                shap: 0.44.1
2025-06-30 21:18:40,645:INFO:           interpret: 0.6.13
2025-06-30 21:18:40,645:INFO:                umap: 0.5.7
2025-06-30 21:18:40,645:INFO:     ydata_profiling: 4.16.1
2025-06-30 21:18:40,645:INFO:  explainerdashboard: 0.5.1
2025-06-30 21:18:40,646:INFO:             autoviz: Not installed
2025-06-30 21:18:40,646:INFO:           fairlearn: 0.7.0
2025-06-30 21:18:40,646:INFO:          deepchecks: Not installed
2025-06-30 21:18:40,646:INFO:             xgboost: 3.0.2
2025-06-30 21:18:40,646:INFO:            catboost: 1.2.8
2025-06-30 21:18:40,646:INFO:              kmodes: 0.12.2
2025-06-30 21:18:40,646:INFO:             mlxtend: 0.23.4
2025-06-30 21:18:40,647:INFO:       statsforecast: 1.5.0
2025-06-30 21:18:40,647:INFO:        tune_sklearn: Not installed
2025-06-30 21:18:40,647:INFO:                 ray: Not installed
2025-06-30 21:18:40,647:INFO:            hyperopt: 0.2.7
2025-06-30 21:18:40,647:INFO:              optuna: 4.4.0
2025-06-30 21:18:40,647:INFO:               skopt: 0.10.2
2025-06-30 21:18:40,647:INFO:              mlflow: 2.11.4
2025-06-30 21:18:40,648:INFO:              gradio: 5.35.0
2025-06-30 21:18:40,648:INFO:             fastapi: 0.115.14
2025-06-30 21:18:40,648:INFO:             uvicorn: 0.35.0
2025-06-30 21:18:40,648:INFO:              m2cgen: 0.10.0
2025-06-30 21:18:40,648:INFO:           evidently: 0.4.40
2025-06-30 21:18:40,648:INFO:               fugue: 0.8.7
2025-06-30 21:18:40,648:INFO:           streamlit: Not installed
2025-06-30 21:18:40,649:INFO:             prophet: Not installed
2025-06-30 21:18:40,649:INFO:None
2025-06-30 21:18:40,649:INFO:Set up data.
2025-06-30 21:18:40,655:INFO:Set up folding strategy.
2025-06-30 21:18:40,656:INFO:Set up train/test split.
2025-06-30 21:18:40,660:INFO:Set up index.
2025-06-30 21:18:40,660:INFO:Assigning column types.
2025-06-30 21:18:40,663:INFO:Engine successfully changes for model 'lr' to 'sklearn'.
2025-06-30 21:18:40,663:INFO:Engine for model 'lasso' has not been set explicitly, hence returning None.
2025-06-30 21:18:40,667:INFO:Engine for model 'ridge' has not been set explicitly, hence returning None.
2025-06-30 21:18:40,671:INFO:Engine for model 'en' has not been set explicitly, hence returning None.
2025-06-30 21:18:40,719:INFO:Engine for model 'svm' has not been set explicitly, hence returning None.
2025-06-30 21:18:40,755:INFO:Engine for model 'knn' has not been set explicitly, hence returning None.
2025-06-30 21:18:40,756:INFO:Soft dependency imported: xgboost: 3.0.2
2025-06-30 21:18:40,758:INFO:Soft dependency imported: catboost: 1.2.8
2025-06-30 21:18:40,759:INFO:Engine for model 'lasso' has not been set explicitly, hence returning None.
2025-06-30 21:18:40,763:INFO:Engine for model 'ridge' has not been set explicitly, hence returning None.
2025-06-30 21:18:40,767:INFO:Engine for model 'en' has not been set explicitly, hence returning None.
2025-06-30 21:18:40,829:INFO:Engine for model 'svm' has not been set explicitly, hence returning None.
2025-06-30 21:18:40,867:INFO:Engine for model 'knn' has not been set explicitly, hence returning None.
2025-06-30 21:18:40,870:INFO:Soft dependency imported: xgboost: 3.0.2
2025-06-30 21:18:40,879:INFO:Soft dependency imported: catboost: 1.2.8
2025-06-30 21:18:40,881:INFO:Engine successfully changes for model 'lasso' to 'sklearn'.
2025-06-30 21:18:40,885:INFO:Engine for model 'ridge' has not been set explicitly, hence returning None.
2025-06-30 21:18:40,890:INFO:Engine for model 'en' has not been set explicitly, hence returning None.
2025-06-30 21:18:40,937:INFO:Engine for model 'svm' has not been set explicitly, hence returning None.
2025-06-30 21:18:40,974:INFO:Engine for model 'knn' has not been set explicitly, hence returning None.
2025-06-30 21:18:40,975:INFO:Soft dependency imported: xgboost: 3.0.2
2025-06-30 21:18:40,977:INFO:Soft dependency imported: catboost: 1.2.8
2025-06-30 21:18:40,982:INFO:Engine for model 'ridge' has not been set explicitly, hence returning None.
2025-06-30 21:18:40,986:INFO:Engine for model 'en' has not been set explicitly, hence returning None.
2025-06-30 21:18:41,032:INFO:Engine for model 'svm' has not been set explicitly, hence returning None.
2025-06-30 21:18:41,071:INFO:Engine for model 'knn' has not been set explicitly, hence returning None.
2025-06-30 21:18:41,076:INFO:Soft dependency imported: xgboost: 3.0.2
2025-06-30 21:18:41,089:INFO:Soft dependency imported: catboost: 1.2.8
2025-06-30 21:18:41,090:INFO:Engine successfully changes for model 'ridge' to 'sklearn'.
2025-06-30 21:18:41,098:INFO:Engine for model 'en' has not been set explicitly, hence returning None.
2025-06-30 21:18:41,149:INFO:Engine for model 'svm' has not been set explicitly, hence returning None.
2025-06-30 21:18:41,213:INFO:Engine for model 'knn' has not been set explicitly, hence returning None.
2025-06-30 21:18:41,213:INFO:Soft dependency imported: xgboost: 3.0.2
2025-06-30 21:18:41,216:INFO:Soft dependency imported: catboost: 1.2.8
2025-06-30 21:18:41,224:INFO:Engine for model 'en' has not been set explicitly, hence returning None.
2025-06-30 21:18:41,277:INFO:Engine for model 'svm' has not been set explicitly, hence returning None.
2025-06-30 21:18:41,314:INFO:Engine for model 'knn' has not been set explicitly, hence returning None.
2025-06-30 21:18:41,316:INFO:Soft dependency imported: xgboost: 3.0.2
2025-06-30 21:18:41,321:INFO:Soft dependency imported: catboost: 1.2.8
2025-06-30 21:18:41,324:INFO:Engine successfully changes for model 'en' to 'sklearn'.
2025-06-30 21:18:41,379:INFO:Engine for model 'svm' has not been set explicitly, hence returning None.
2025-06-30 21:18:41,426:INFO:Engine for model 'knn' has not been set explicitly, hence returning None.
2025-06-30 21:18:41,427:INFO:Soft dependency imported: xgboost: 3.0.2
2025-06-30 21:18:41,429:INFO:Soft dependency imported: catboost: 1.2.8
2025-06-30 21:18:41,490:INFO:Engine for model 'svm' has not been set explicitly, hence returning None.
2025-06-30 21:18:41,527:INFO:Engine for model 'knn' has not been set explicitly, hence returning None.
2025-06-30 21:18:41,528:INFO:Soft dependency imported: xgboost: 3.0.2
2025-06-30 21:18:41,530:INFO:Soft dependency imported: catboost: 1.2.8
2025-06-30 21:18:41,531:INFO:Engine successfully changes for model 'knn' to 'sklearn'.
2025-06-30 21:18:41,585:INFO:Engine for model 'svm' has not been set explicitly, hence returning None.
2025-06-30 21:18:41,622:INFO:Soft dependency imported: xgboost: 3.0.2
2025-06-30 21:18:41,625:INFO:Soft dependency imported: catboost: 1.2.8
2025-06-30 21:18:41,679:INFO:Engine for model 'svm' has not been set explicitly, hence returning None.
2025-06-30 21:18:41,718:INFO:Soft dependency imported: xgboost: 3.0.2
2025-06-30 21:18:41,726:INFO:Soft dependency imported: catboost: 1.2.8
2025-06-30 21:18:41,727:INFO:Engine successfully changes for model 'svm' to 'sklearn'.
2025-06-30 21:18:41,819:INFO:Soft dependency imported: xgboost: 3.0.2
2025-06-30 21:18:41,822:INFO:Soft dependency imported: catboost: 1.2.8
2025-06-30 21:18:41,932:INFO:Soft dependency imported: xgboost: 3.0.2
2025-06-30 21:18:41,934:INFO:Soft dependency imported: catboost: 1.2.8
2025-06-30 21:18:53,847:INFO:PyCaret RegressionExperiment
2025-06-30 21:18:53,848:INFO:Logging name: reg-default-name
2025-06-30 21:18:53,848:INFO:ML Usecase: MLUsecase.REGRESSION
2025-06-30 21:18:53,848:INFO:version 3.3.2
2025-06-30 21:18:53,848:INFO:Initializing setup()
2025-06-30 21:18:53,848:INFO:self.USI: cbb2
2025-06-30 21:18:53,848:INFO:self._variable_keys: {'pipeline', 'y', 'gpu_n_jobs_param', 'n_jobs_param', '_available_plots', 'html_param', 'X', 'exp_name_log', 'fold_groups_param', 'target_param', 'fold_shuffle_param', 'seed', 'X_test', 'idx', 'y_train', 'memory', 'data', 'log_plots_param', 'USI', '_ml_usecase', 'X_train', 'gpu_param', 'transform_target_param', 'fold_generator', 'exp_id', 'logging_param', 'y_test'}
2025-06-30 21:18:53,849:INFO:Checking environment
2025-06-30 21:18:53,849:INFO:python_version: 3.11.10
2025-06-30 21:18:53,849:INFO:python_build: ('main', 'Sep  7 2024 18:35:41')
2025-06-30 21:18:53,849:INFO:machine: aarch64
2025-06-30 21:18:53,849:INFO:platform: Linux-5.15.0-1072-aws-aarch64-with-glibc2.35
2025-06-30 21:18:53,850:INFO:Memory: svmem(total=16444416000, available=6740668416, percent=59.0, used=9429291008, free=343891968, active=3895668736, inactive=10974195712, buffers=225890304, cached=6445342720, shared=2478080, slab=936431616)
2025-06-30 21:18:53,850:INFO:Physical Core: 2
2025-06-30 21:18:53,850:INFO:Logical Core: 2
2025-06-30 21:18:53,850:INFO:Checking libraries
2025-06-30 21:18:53,851:INFO:System:
2025-06-30 21:18:53,851:INFO:    python: 3.11.10 (main, Sep  7 2024, 18:35:41) [GCC 11.4.0]
2025-06-30 21:18:53,851:INFO:executable: /local_disk0/.ephemeral_nfs/envs/pythonEnv-02f36372-3e32-4c8c-ab27-840f37207c59/bin/python
2025-06-30 21:18:53,851:INFO:   machine: Linux-5.15.0-1072-aws-aarch64-with-glibc2.35
2025-06-30 21:18:53,851:INFO:PyCaret required dependencies:
2025-06-30 21:18:53,852:INFO:                 pip: 24.2
2025-06-30 21:18:53,852:INFO:          setuptools: 75.1.0
2025-06-30 21:18:53,852:INFO:             pycaret: 3.3.2
2025-06-30 21:18:53,852:INFO:             IPython: 8.25.0
2025-06-30 21:18:53,852:INFO:          ipywidgets: 7.7.2
2025-06-30 21:18:53,852:INFO:                tqdm: 4.67.1
2025-06-30 21:18:53,852:INFO:               numpy: 1.23.5
2025-06-30 21:18:53,852:INFO:              pandas: 1.5.3
2025-06-30 21:18:53,853:INFO:              jinja2: 3.1.6
2025-06-30 21:18:53,853:INFO:               scipy: 1.11.1
2025-06-30 21:18:53,853:INFO:              joblib: 1.2.0
2025-06-30 21:18:53,853:INFO:             sklearn: 1.3.0
2025-06-30 21:18:53,853:INFO:                pyod: 2.0.5
2025-06-30 21:18:53,853:INFO:            imblearn: 0.13.0
2025-06-30 21:18:53,853:INFO:   category_encoders: 2.7.0
2025-06-30 21:18:53,854:INFO:            lightgbm: 4.6.0
2025-06-30 21:18:53,854:INFO:               numba: 0.61.0
2025-06-30 21:18:53,854:INFO:            requests: 2.31.0
2025-06-30 21:18:53,854:INFO:          matplotlib: 3.7.2
2025-06-30 21:18:53,854:INFO:          scikitplot: 0.3.7
2025-06-30 21:18:53,854:INFO:         yellowbrick: 1.5
2025-06-30 21:18:53,854:INFO:              plotly: 5.9.0
2025-06-30 21:18:53,854:INFO:    plotly-resampler: Not installed
2025-06-30 21:18:53,855:INFO:             kaleido: 1.0.0
2025-06-30 21:18:53,855:INFO:           schemdraw: 0.15
2025-06-30 21:18:53,855:INFO:         statsmodels: 0.14.0
2025-06-30 21:18:53,855:INFO:              sktime: 0.26.0
2025-06-30 21:18:53,855:INFO:               tbats: 1.1.3
2025-06-30 21:18:53,855:INFO:            pmdarima: 2.0.4
2025-06-30 21:18:53,855:INFO:              psutil: 5.9.0
2025-06-30 21:18:53,856:INFO:          markupsafe: 3.0.2
2025-06-30 21:18:53,856:INFO:             pickle5: Not installed
2025-06-30 21:18:53,856:INFO:         cloudpickle: 3.0.0
2025-06-30 21:18:53,856:INFO:         deprecation: 2.1.0
2025-06-30 21:18:53,856:INFO:              xxhash: 3.5.0
2025-06-30 21:18:53,856:INFO:           wurlitzer: 3.1.1
2025-06-30 21:18:53,856:INFO:PyCaret optional dependencies:
2025-06-30 21:18:53,857:INFO:                shap: 0.44.1
2025-06-30 21:18:53,857:INFO:           interpret: 0.6.13
2025-06-30 21:18:53,857:INFO:                umap: 0.5.7
2025-06-30 21:18:53,857:INFO:     ydata_profiling: 4.16.1
2025-06-30 21:18:53,857:INFO:  explainerdashboard: 0.5.1
2025-06-30 21:18:53,857:INFO:             autoviz: Not installed
2025-06-30 21:18:53,857:INFO:           fairlearn: 0.7.0
2025-06-30 21:18:53,858:INFO:          deepchecks: Not installed
2025-06-30 21:18:53,858:INFO:             xgboost: 3.0.2
2025-06-30 21:18:53,858:INFO:            catboost: 1.2.8
2025-06-30 21:18:53,858:INFO:              kmodes: 0.12.2
2025-06-30 21:18:53,858:INFO:             mlxtend: 0.23.4
2025-06-30 21:18:53,858:INFO:       statsforecast: 1.5.0
2025-06-30 21:18:53,858:INFO:        tune_sklearn: Not installed
2025-06-30 21:18:53,859:INFO:                 ray: Not installed
2025-06-30 21:18:53,859:INFO:            hyperopt: 0.2.7
2025-06-30 21:18:53,859:INFO:              optuna: 4.4.0
2025-06-30 21:18:53,859:INFO:               skopt: 0.10.2
2025-06-30 21:18:53,859:INFO:              mlflow: 2.11.4
2025-06-30 21:18:53,860:INFO:              gradio: 5.35.0
2025-06-30 21:18:53,860:INFO:             fastapi: 0.115.14
2025-06-30 21:18:53,860:INFO:             uvicorn: 0.35.0
2025-06-30 21:18:53,860:INFO:              m2cgen: 0.10.0
2025-06-30 21:18:53,860:INFO:           evidently: 0.4.40
2025-06-30 21:18:53,860:INFO:               fugue: 0.8.7
2025-06-30 21:18:53,860:INFO:           streamlit: Not installed
2025-06-30 21:18:53,861:INFO:             prophet: Not installed
2025-06-30 21:18:53,861:INFO:None
2025-06-30 21:18:53,861:INFO:Set up data.
2025-06-30 21:18:53,867:INFO:Set up folding strategy.
2025-06-30 21:18:53,868:INFO:Set up train/test split.
2025-06-30 21:18:53,871:INFO:Set up index.
2025-06-30 21:18:53,872:INFO:Assigning column types.
2025-06-30 21:18:53,875:INFO:Engine successfully changes for model 'lr' to 'sklearn'.
2025-06-30 21:18:53,876:INFO:Engine for model 'lasso' has not been set explicitly, hence returning None.
2025-06-30 21:18:53,879:INFO:Engine for model 'ridge' has not been set explicitly, hence returning None.
2025-06-30 21:18:53,883:INFO:Engine for model 'en' has not been set explicitly, hence returning None.
2025-06-30 21:18:53,930:INFO:Engine for model 'svm' has not been set explicitly, hence returning None.
2025-06-30 21:18:53,966:INFO:Engine for model 'knn' has not been set explicitly, hence returning None.
2025-06-30 21:18:53,967:INFO:Soft dependency imported: xgboost: 3.0.2
2025-06-30 21:18:53,970:INFO:Soft dependency imported: catboost: 1.2.8
2025-06-30 21:18:53,970:INFO:Engine for model 'lasso' has not been set explicitly, hence returning None.
2025-06-30 21:18:53,974:INFO:Engine for model 'ridge' has not been set explicitly, hence returning None.
2025-06-30 21:18:53,979:INFO:Engine for model 'en' has not been set explicitly, hence returning None.
2025-06-30 21:18:54,028:INFO:Engine for model 'svm' has not been set explicitly, hence returning None.
2025-06-30 21:18:54,070:INFO:Engine for model 'knn' has not been set explicitly, hence returning None.
2025-06-30 21:18:54,072:INFO:Soft dependency imported: xgboost: 3.0.2
2025-06-30 21:18:54,083:INFO:Soft dependency imported: catboost: 1.2.8
2025-06-30 21:18:54,084:INFO:Engine successfully changes for model 'lasso' to 'sklearn'.
2025-06-30 21:18:54,088:INFO:Engine for model 'ridge' has not been set explicitly, hence returning None.
2025-06-30 21:18:54,092:INFO:Engine for model 'en' has not been set explicitly, hence returning None.
2025-06-30 21:18:54,141:INFO:Engine for model 'svm' has not been set explicitly, hence returning None.
2025-06-30 21:18:54,179:INFO:Engine for model 'knn' has not been set explicitly, hence returning None.
2025-06-30 21:18:54,186:INFO:Soft dependency imported: xgboost: 3.0.2
2025-06-30 21:18:54,188:INFO:Soft dependency imported: catboost: 1.2.8
2025-06-30 21:18:54,194:INFO:Engine for model 'ridge' has not been set explicitly, hence returning None.
2025-06-30 21:18:54,198:INFO:Engine for model 'en' has not been set explicitly, hence returning None.
2025-06-30 21:18:54,254:INFO:Engine for model 'svm' has not been set explicitly, hence returning None.
2025-06-30 21:18:54,292:INFO:Engine for model 'knn' has not been set explicitly, hence returning None.
2025-06-30 21:18:54,292:INFO:Soft dependency imported: xgboost: 3.0.2
2025-06-30 21:18:54,295:INFO:Soft dependency imported: catboost: 1.2.8
2025-06-30 21:18:54,296:INFO:Engine successfully changes for model 'ridge' to 'sklearn'.
2025-06-30 21:18:54,304:INFO:Engine for model 'en' has not been set explicitly, hence returning None.
2025-06-30 21:18:54,356:INFO:Engine for model 'svm' has not been set explicitly, hence returning None.
2025-06-30 21:18:54,400:INFO:Engine for model 'knn' has not been set explicitly, hence returning None.
2025-06-30 21:18:54,401:INFO:Soft dependency imported: xgboost: 3.0.2
2025-06-30 21:18:54,403:INFO:Soft dependency imported: catboost: 1.2.8
2025-06-30 21:18:54,411:INFO:Engine for model 'en' has not been set explicitly, hence returning None.
2025-06-30 21:18:54,461:INFO:Engine for model 'svm' has not been set explicitly, hence returning None.
2025-06-30 21:18:54,499:INFO:Engine for model 'knn' has not been set explicitly, hence returning None.
2025-06-30 21:18:54,502:INFO:Soft dependency imported: xgboost: 3.0.2
2025-06-30 21:18:54,505:INFO:Soft dependency imported: catboost: 1.2.8
2025-06-30 21:18:54,506:INFO:Engine successfully changes for model 'en' to 'sklearn'.
2025-06-30 21:18:54,566:INFO:Engine for model 'svm' has not been set explicitly, hence returning None.
2025-06-30 21:18:54,609:INFO:Engine for model 'knn' has not been set explicitly, hence returning None.
2025-06-30 21:18:54,610:INFO:Soft dependency imported: xgboost: 3.0.2
2025-06-30 21:18:54,612:INFO:Soft dependency imported: catboost: 1.2.8
2025-06-30 21:18:54,668:INFO:Engine for model 'svm' has not been set explicitly, hence returning None.
2025-06-30 21:18:54,711:INFO:Engine for model 'knn' has not been set explicitly, hence returning None.
2025-06-30 21:18:54,712:INFO:Soft dependency imported: xgboost: 3.0.2
2025-06-30 21:18:54,715:INFO:Soft dependency imported: catboost: 1.2.8
2025-06-30 21:18:54,716:INFO:Engine successfully changes for model 'knn' to 'sklearn'.
2025-06-30 21:18:54,769:INFO:Engine for model 'svm' has not been set explicitly, hence returning None.
2025-06-30 21:18:54,805:INFO:Soft dependency imported: xgboost: 3.0.2
2025-06-30 21:18:54,808:INFO:Soft dependency imported: catboost: 1.2.8
2025-06-30 21:18:54,862:INFO:Engine for model 'svm' has not been set explicitly, hence returning None.
2025-06-30 21:18:54,898:INFO:Soft dependency imported: xgboost: 3.0.2
2025-06-30 21:18:54,900:INFO:Soft dependency imported: catboost: 1.2.8
2025-06-30 21:18:54,901:INFO:Engine successfully changes for model 'svm' to 'sklearn'.
2025-06-30 21:18:54,990:INFO:Soft dependency imported: xgboost: 3.0.2
2025-06-30 21:18:54,993:INFO:Soft dependency imported: catboost: 1.2.8
2025-06-30 21:18:55,093:INFO:Soft dependency imported: xgboost: 3.0.2
2025-06-30 21:18:55,102:INFO:Soft dependency imported: catboost: 1.2.8
2025-06-30 21:19:22,969:INFO:PyCaret RegressionExperiment
2025-06-30 21:19:22,969:INFO:Logging name: reg-default-name
2025-06-30 21:19:22,970:INFO:ML Usecase: MLUsecase.REGRESSION
2025-06-30 21:19:22,970:INFO:version 3.3.2
2025-06-30 21:19:22,970:INFO:Initializing setup()
2025-06-30 21:19:22,971:INFO:self.USI: 51aa
2025-06-30 21:19:22,971:INFO:self._variable_keys: {'pipeline', 'y', 'gpu_n_jobs_param', 'n_jobs_param', '_available_plots', 'html_param', 'X', 'exp_name_log', 'fold_groups_param', 'target_param', 'fold_shuffle_param', 'seed', 'X_test', 'idx', 'y_train', 'memory', 'data', 'log_plots_param', 'USI', '_ml_usecase', 'X_train', 'gpu_param', 'transform_target_param', 'fold_generator', 'exp_id', 'logging_param', 'y_test'}
2025-06-30 21:19:22,971:INFO:Checking environment
2025-06-30 21:19:22,972:INFO:python_version: 3.11.10
2025-06-30 21:19:22,972:INFO:python_build: ('main', 'Sep  7 2024 18:35:41')
2025-06-30 21:19:22,973:INFO:machine: aarch64
2025-06-30 21:19:22,973:INFO:platform: Linux-5.15.0-1072-aws-aarch64-with-glibc2.35
2025-06-30 21:19:22,974:INFO:Memory: svmem(total=16444416000, available=6714695680, percent=59.2, used=9455259648, free=312369152, active=3896655872, inactive=11013591040, buffers=226078720, cached=6450708480, shared=2482176, slab=936796160)
2025-06-30 21:19:22,975:INFO:Physical Core: 2
2025-06-30 21:19:22,975:INFO:Logical Core: 2
2025-06-30 21:19:22,975:INFO:Checking libraries
2025-06-30 21:19:22,976:INFO:System:
2025-06-30 21:19:22,976:INFO:    python: 3.11.10 (main, Sep  7 2024, 18:35:41) [GCC 11.4.0]
2025-06-30 21:19:22,976:INFO:executable: /local_disk0/.ephemeral_nfs/envs/pythonEnv-02f36372-3e32-4c8c-ab27-840f37207c59/bin/python
2025-06-30 21:19:22,976:INFO:   machine: Linux-5.15.0-1072-aws-aarch64-with-glibc2.35
2025-06-30 21:19:22,977:INFO:PyCaret required dependencies:
2025-06-30 21:19:22,977:INFO:                 pip: 24.2
2025-06-30 21:19:22,978:INFO:          setuptools: 75.1.0
2025-06-30 21:19:22,978:INFO:             pycaret: 3.3.2
2025-06-30 21:19:22,978:INFO:             IPython: 8.25.0
2025-06-30 21:19:22,979:INFO:          ipywidgets: 7.7.2
2025-06-30 21:19:22,979:INFO:                tqdm: 4.67.1
2025-06-30 21:19:22,979:INFO:               numpy: 1.23.5
2025-06-30 21:19:22,979:INFO:              pandas: 1.5.3
2025-06-30 21:19:22,980:INFO:              jinja2: 3.1.6
2025-06-30 21:19:22,980:INFO:               scipy: 1.11.1
2025-06-30 21:19:22,980:INFO:              joblib: 1.2.0
2025-06-30 21:19:22,980:INFO:             sklearn: 1.3.0
2025-06-30 21:19:22,980:INFO:                pyod: 2.0.5
2025-06-30 21:19:22,981:INFO:            imblearn: 0.13.0
2025-06-30 21:19:22,981:INFO:   category_encoders: 2.7.0
2025-06-30 21:19:22,981:INFO:            lightgbm: 4.6.0
2025-06-30 21:19:22,981:INFO:               numba: 0.61.0
2025-06-30 21:19:22,982:INFO:            requests: 2.31.0
2025-06-30 21:19:22,982:INFO:          matplotlib: 3.7.2
2025-06-30 21:19:22,982:INFO:          scikitplot: 0.3.7
2025-06-30 21:19:22,982:INFO:         yellowbrick: 1.5
2025-06-30 21:19:22,983:INFO:              plotly: 5.9.0
2025-06-30 21:19:22,983:INFO:    plotly-resampler: Not installed
2025-06-30 21:19:22,983:INFO:             kaleido: 1.0.0
2025-06-30 21:19:22,983:INFO:           schemdraw: 0.15
2025-06-30 21:19:22,983:INFO:         statsmodels: 0.14.0
2025-06-30 21:19:22,984:INFO:              sktime: 0.26.0
2025-06-30 21:19:22,984:INFO:               tbats: 1.1.3
2025-06-30 21:19:22,984:INFO:            pmdarima: 2.0.4
2025-06-30 21:19:22,984:INFO:              psutil: 5.9.0
2025-06-30 21:19:22,984:INFO:          markupsafe: 3.0.2
2025-06-30 21:19:22,985:INFO:             pickle5: Not installed
2025-06-30 21:19:22,985:INFO:         cloudpickle: 3.0.0
2025-06-30 21:19:22,985:INFO:         deprecation: 2.1.0
2025-06-30 21:19:22,985:INFO:              xxhash: 3.5.0
2025-06-30 21:19:22,986:INFO:           wurlitzer: 3.1.1
2025-06-30 21:19:22,986:INFO:PyCaret optional dependencies:
2025-06-30 21:19:22,986:INFO:                shap: 0.44.1
2025-06-30 21:19:22,986:INFO:           interpret: 0.6.13
2025-06-30 21:19:22,987:INFO:                umap: 0.5.7
2025-06-30 21:19:22,987:INFO:     ydata_profiling: 4.16.1
2025-06-30 21:19:22,987:INFO:  explainerdashboard: 0.5.1
2025-06-30 21:19:22,987:INFO:             autoviz: Not installed
2025-06-30 21:19:22,988:INFO:           fairlearn: 0.7.0
2025-06-30 21:19:22,988:INFO:          deepchecks: Not installed
2025-06-30 21:19:22,988:INFO:             xgboost: 3.0.2
2025-06-30 21:19:22,988:INFO:            catboost: 1.2.8
2025-06-30 21:19:22,988:INFO:              kmodes: 0.12.2
2025-06-30 21:19:22,989:INFO:             mlxtend: 0.23.4
2025-06-30 21:19:22,989:INFO:       statsforecast: 1.5.0
2025-06-30 21:19:22,989:INFO:        tune_sklearn: Not installed
2025-06-30 21:19:22,989:INFO:                 ray: Not installed
2025-06-30 21:19:22,990:INFO:            hyperopt: 0.2.7
2025-06-30 21:19:22,990:INFO:              optuna: 4.4.0
2025-06-30 21:19:22,990:INFO:               skopt: 0.10.2
2025-06-30 21:19:22,990:INFO:              mlflow: 2.11.4
2025-06-30 21:19:22,991:INFO:              gradio: 5.35.0
2025-06-30 21:19:22,991:INFO:             fastapi: 0.115.14
2025-06-30 21:19:22,991:INFO:             uvicorn: 0.35.0
2025-06-30 21:19:22,991:INFO:              m2cgen: 0.10.0
2025-06-30 21:19:22,992:INFO:           evidently: 0.4.40
2025-06-30 21:19:22,992:INFO:               fugue: 0.8.7
2025-06-30 21:19:22,992:INFO:           streamlit: Not installed
2025-06-30 21:19:22,992:INFO:             prophet: Not installed
2025-06-30 21:19:22,992:INFO:None
2025-06-30 21:19:22,993:INFO:Set up data.
2025-06-30 21:19:23,017:INFO:Set up folding strategy.
2025-06-30 21:19:23,018:INFO:Set up train/test split.
2025-06-30 21:19:23,030:INFO:Set up index.
2025-06-30 21:19:23,031:INFO:Assigning column types.
2025-06-30 21:19:23,044:INFO:Engine successfully changes for model 'lr' to 'sklearn'.
2025-06-30 21:19:23,045:INFO:Engine for model 'lasso' has not been set explicitly, hence returning None.
2025-06-30 21:19:23,064:INFO:Engine for model 'ridge' has not been set explicitly, hence returning None.
2025-06-30 21:19:23,070:INFO:Engine for model 'en' has not been set explicitly, hence returning None.
2025-06-30 21:19:23,143:INFO:Engine for model 'svm' has not been set explicitly, hence returning None.
2025-06-30 21:19:34,162:INFO:PyCaret RegressionExperiment
2025-06-30 21:19:34,162:INFO:Logging name: reg-default-name
2025-06-30 21:19:34,163:INFO:ML Usecase: MLUsecase.REGRESSION
2025-06-30 21:19:34,163:INFO:version 3.3.2
2025-06-30 21:19:34,163:INFO:Initializing setup()
2025-06-30 21:19:34,163:INFO:self.USI: 6b8c
2025-06-30 21:19:34,164:INFO:self._variable_keys: {'pipeline', 'y', 'gpu_n_jobs_param', 'n_jobs_param', '_available_plots', 'html_param', 'X', 'exp_name_log', 'fold_groups_param', 'target_param', 'fold_shuffle_param', 'seed', 'X_test', 'idx', 'y_train', 'memory', 'data', 'log_plots_param', 'USI', '_ml_usecase', 'X_train', 'gpu_param', 'transform_target_param', 'fold_generator', 'exp_id', 'logging_param', 'y_test'}
2025-06-30 21:19:34,164:INFO:Checking environment
2025-06-30 21:19:34,164:INFO:python_version: 3.11.10
2025-06-30 21:19:34,164:INFO:python_build: ('main', 'Sep  7 2024 18:35:41')
2025-06-30 21:19:34,165:INFO:machine: aarch64
2025-06-30 21:19:34,165:INFO:platform: Linux-5.15.0-1072-aws-aarch64-with-glibc2.35
2025-06-30 21:19:34,165:INFO:Memory: svmem(total=16444416000, available=6391283712, percent=61.1, used=9778487296, free=165277696, active=3910152192, inactive=11130609664, buffers=225935360, cached=6274715648, shared=2482176, slab=936845312)
2025-06-30 21:19:34,166:INFO:Physical Core: 2
2025-06-30 21:19:34,166:INFO:Logical Core: 2
2025-06-30 21:19:34,167:INFO:Checking libraries
2025-06-30 21:19:34,167:INFO:System:
2025-06-30 21:19:34,167:INFO:    python: 3.11.10 (main, Sep  7 2024, 18:35:41) [GCC 11.4.0]
2025-06-30 21:19:34,168:INFO:executable: /local_disk0/.ephemeral_nfs/envs/pythonEnv-02f36372-3e32-4c8c-ab27-840f37207c59/bin/python
2025-06-30 21:19:34,168:INFO:   machine: Linux-5.15.0-1072-aws-aarch64-with-glibc2.35
2025-06-30 21:19:34,168:INFO:PyCaret required dependencies:
2025-06-30 21:19:34,169:INFO:                 pip: 24.2
2025-06-30 21:19:34,169:INFO:          setuptools: 75.1.0
2025-06-30 21:19:34,169:INFO:             pycaret: 3.3.2
2025-06-30 21:19:34,170:INFO:             IPython: 8.25.0
2025-06-30 21:19:34,170:INFO:          ipywidgets: 7.7.2
2025-06-30 21:19:34,170:INFO:                tqdm: 4.67.1
2025-06-30 21:19:34,170:INFO:               numpy: 1.23.5
2025-06-30 21:19:34,171:INFO:              pandas: 1.5.3
2025-06-30 21:19:34,173:INFO:              jinja2: 3.1.6
2025-06-30 21:19:34,174:INFO:               scipy: 1.11.1
2025-06-30 21:19:34,174:INFO:              joblib: 1.2.0
2025-06-30 21:19:34,174:INFO:             sklearn: 1.3.0
2025-06-30 21:19:34,174:INFO:                pyod: 2.0.5
2025-06-30 21:19:34,175:INFO:            imblearn: 0.13.0
2025-06-30 21:19:34,175:INFO:   category_encoders: 2.7.0
2025-06-30 21:19:34,178:INFO:            lightgbm: 4.6.0
2025-06-30 21:19:34,200:INFO:               numba: 0.61.0
2025-06-30 21:19:34,248:INFO:            requests: 2.31.0
2025-06-30 21:19:34,253:INFO:          matplotlib: 3.7.2
2025-06-30 21:19:34,253:INFO:          scikitplot: 0.3.7
2025-06-30 21:19:34,253:INFO:         yellowbrick: 1.5
2025-06-30 21:19:34,254:INFO:              plotly: 5.9.0
2025-06-30 21:19:34,254:INFO:    plotly-resampler: Not installed
2025-06-30 21:19:34,254:INFO:             kaleido: 1.0.0
2025-06-30 21:19:34,255:INFO:           schemdraw: 0.15
2025-06-30 21:19:34,255:INFO:         statsmodels: 0.14.0
2025-06-30 21:19:34,255:INFO:              sktime: 0.26.0
2025-06-30 21:19:34,255:INFO:               tbats: 1.1.3
2025-06-30 21:19:34,256:INFO:            pmdarima: 2.0.4
2025-06-30 21:19:34,256:INFO:              psutil: 5.9.0
2025-06-30 21:19:34,256:INFO:          markupsafe: 3.0.2
2025-06-30 21:19:34,257:INFO:             pickle5: Not installed
2025-06-30 21:19:34,257:INFO:         cloudpickle: 3.0.0
2025-06-30 21:19:34,257:INFO:         deprecation: 2.1.0
2025-06-30 21:19:34,257:INFO:              xxhash: 3.5.0
2025-06-30 21:19:34,258:INFO:           wurlitzer: 3.1.1
2025-06-30 21:19:34,258:INFO:PyCaret optional dependencies:
2025-06-30 21:19:34,258:INFO:                shap: 0.44.1
2025-06-30 21:19:34,259:INFO:           interpret: 0.6.13
2025-06-30 21:19:34,259:INFO:                umap: 0.5.7
2025-06-30 21:19:34,260:INFO:     ydata_profiling: 4.16.1
2025-06-30 21:19:34,268:INFO:  explainerdashboard: 0.5.1
2025-06-30 21:19:34,284:INFO:             autoviz: Not installed
2025-06-30 21:19:34,294:INFO:           fairlearn: 0.7.0
2025-06-30 21:19:34,297:INFO:          deepchecks: Not installed
2025-06-30 21:19:34,297:INFO:             xgboost: 3.0.2
2025-06-30 21:19:34,298:INFO:            catboost: 1.2.8
2025-06-30 21:19:34,299:INFO:              kmodes: 0.12.2
2025-06-30 21:19:34,299:INFO:             mlxtend: 0.23.4
2025-06-30 21:19:34,300:INFO:       statsforecast: 1.5.0
2025-06-30 21:19:34,300:INFO:        tune_sklearn: Not installed
2025-06-30 21:19:34,300:INFO:                 ray: Not installed
2025-06-30 21:19:34,301:INFO:            hyperopt: 0.2.7
2025-06-30 21:19:34,301:INFO:              optuna: 4.4.0
2025-06-30 21:19:34,309:INFO:               skopt: 0.10.2
2025-06-30 21:19:34,324:INFO:              mlflow: 2.11.4
2025-06-30 21:19:34,331:INFO:              gradio: 5.35.0
2025-06-30 21:19:34,352:INFO:             fastapi: 0.115.14
2025-06-30 21:19:34,354:INFO:             uvicorn: 0.35.0
2025-06-30 21:19:34,355:INFO:              m2cgen: 0.10.0
2025-06-30 21:19:34,355:INFO:           evidently: 0.4.40
2025-06-30 21:19:34,355:INFO:               fugue: 0.8.7
2025-06-30 21:19:34,356:INFO:           streamlit: Not installed
2025-06-30 21:19:34,356:INFO:             prophet: Not installed
2025-06-30 21:19:34,356:INFO:None
2025-06-30 21:19:34,370:INFO:Set up data.
2025-06-30 21:19:34,394:INFO:Set up folding strategy.
2025-06-30 21:19:34,399:INFO:Set up train/test split.
2025-06-30 21:19:34,417:INFO:Set up index.
2025-06-30 21:19:34,423:INFO:Assigning column types.
2025-06-30 21:19:34,433:INFO:Engine successfully changes for model 'lr' to 'sklearn'.
2025-06-30 21:19:34,458:INFO:Engine for model 'lasso' has not been set explicitly, hence returning None.
2025-06-30 21:19:34,464:INFO:Engine for model 'ridge' has not been set explicitly, hence returning None.
2025-06-30 21:19:34,472:INFO:Engine for model 'en' has not been set explicitly, hence returning None.
2025-06-30 21:19:34,555:INFO:Engine for model 'svm' has not been set explicitly, hence returning None.
2025-06-30 21:19:34,601:INFO:Engine for model 'knn' has not been set explicitly, hence returning None.
2025-06-30 21:19:34,660:INFO:Soft dependency imported: xgboost: 3.0.2
2025-06-30 21:19:34,716:INFO:Soft dependency imported: catboost: 1.2.8
2025-06-30 21:19:34,801:INFO:Engine for model 'lasso' has not been set explicitly, hence returning None.
2025-06-30 21:19:34,808:INFO:Engine for model 'ridge' has not been set explicitly, hence returning None.
2025-06-30 21:19:34,816:INFO:Engine for model 'en' has not been set explicitly, hence returning None.
2025-06-30 21:19:34,893:INFO:Engine for model 'svm' has not been set explicitly, hence returning None.
2025-06-30 21:19:34,942:INFO:Engine for model 'knn' has not been set explicitly, hence returning None.
2025-06-30 21:19:34,951:INFO:Soft dependency imported: xgboost: 3.0.2
2025-06-30 21:19:34,967:INFO:Soft dependency imported: catboost: 1.2.8
2025-06-30 21:19:34,978:INFO:Engine successfully changes for model 'lasso' to 'sklearn'.
2025-06-30 21:19:34,987:INFO:Engine for model 'ridge' has not been set explicitly, hence returning None.
2025-06-30 21:19:34,992:INFO:Engine for model 'en' has not been set explicitly, hence returning None.
2025-06-30 21:19:35,055:INFO:Engine for model 'svm' has not been set explicitly, hence returning None.
2025-06-30 21:19:35,126:INFO:Engine for model 'knn' has not been set explicitly, hence returning None.
2025-06-30 21:19:35,163:INFO:Soft dependency imported: xgboost: 3.0.2
2025-06-30 21:19:35,166:INFO:Soft dependency imported: catboost: 1.2.8
2025-06-30 21:19:35,173:INFO:Engine for model 'ridge' has not been set explicitly, hence returning None.
2025-06-30 21:19:35,185:INFO:Engine for model 'en' has not been set explicitly, hence returning None.
2025-06-30 21:19:35,270:INFO:Engine for model 'svm' has not been set explicitly, hence returning None.
2025-06-30 21:19:35,331:INFO:Engine for model 'knn' has not been set explicitly, hence returning None.
2025-06-30 21:19:35,332:INFO:Soft dependency imported: xgboost: 3.0.2
2025-06-30 21:19:35,335:INFO:Soft dependency imported: catboost: 1.2.8
2025-06-30 21:19:35,337:INFO:Engine successfully changes for model 'ridge' to 'sklearn'.
2025-06-30 21:19:35,364:INFO:Engine for model 'en' has not been set explicitly, hence returning None.
2025-06-30 21:19:35,441:INFO:Engine for model 'svm' has not been set explicitly, hence returning None.
2025-06-30 21:19:35,510:INFO:Engine for model 'knn' has not been set explicitly, hence returning None.
2025-06-30 21:19:35,536:INFO:Soft dependency imported: xgboost: 3.0.2
2025-06-30 21:19:35,575:INFO:Soft dependency imported: catboost: 1.2.8
2025-06-30 21:19:35,644:INFO:Engine for model 'en' has not been set explicitly, hence returning None.
2025-06-30 21:19:35,810:INFO:Engine for model 'svm' has not been set explicitly, hence returning None.
2025-06-30 21:19:35,950:INFO:Engine for model 'knn' has not been set explicitly, hence returning None.
2025-06-30 21:19:35,981:INFO:Soft dependency imported: xgboost: 3.0.2
2025-06-30 21:19:36,028:INFO:Soft dependency imported: catboost: 1.2.8
2025-06-30 21:19:36,092:INFO:Engine successfully changes for model 'en' to 'sklearn'.
2025-06-30 21:19:36,289:INFO:Engine for model 'svm' has not been set explicitly, hence returning None.
2025-06-30 21:19:36,353:INFO:Engine for model 'knn' has not been set explicitly, hence returning None.
2025-06-30 21:19:36,355:INFO:Soft dependency imported: xgboost: 3.0.2
2025-06-30 21:19:36,358:INFO:Soft dependency imported: catboost: 1.2.8
2025-06-30 21:19:36,428:INFO:Engine for model 'svm' has not been set explicitly, hence returning None.
2025-06-30 21:19:36,522:INFO:Engine for model 'knn' has not been set explicitly, hence returning None.
2025-06-30 21:19:36,564:INFO:Soft dependency imported: xgboost: 3.0.2
2025-06-30 21:19:36,618:INFO:Soft dependency imported: catboost: 1.2.8
2025-06-30 21:19:36,644:INFO:Engine successfully changes for model 'knn' to 'sklearn'.
2025-06-30 21:19:36,860:INFO:Engine for model 'svm' has not been set explicitly, hence returning None.
2025-06-30 21:19:36,991:INFO:Soft dependency imported: xgboost: 3.0.2
2025-06-30 21:19:37,001:INFO:Soft dependency imported: catboost: 1.2.8
2025-06-30 21:19:37,144:INFO:Engine for model 'svm' has not been set explicitly, hence returning None.
2025-06-30 21:19:37,194:INFO:Soft dependency imported: xgboost: 3.0.2
2025-06-30 21:19:37,197:INFO:Soft dependency imported: catboost: 1.2.8
2025-06-30 21:19:37,198:INFO:Engine successfully changes for model 'svm' to 'sklearn'.
2025-06-30 21:19:37,433:INFO:Soft dependency imported: xgboost: 3.0.2
2025-06-30 21:19:37,468:INFO:Soft dependency imported: catboost: 1.2.8
2025-06-30 21:19:37,639:INFO:Soft dependency imported: xgboost: 3.0.2
2025-06-30 21:19:37,644:INFO:Soft dependency imported: catboost: 1.2.8
2025-06-30 21:22:48,501:INFO:PyCaret RegressionExperiment
2025-06-30 21:22:48,502:INFO:Logging name: reg-default-name
2025-06-30 21:22:48,502:INFO:ML Usecase: MLUsecase.REGRESSION
2025-06-30 21:22:48,502:INFO:version 3.3.2
2025-06-30 21:22:48,503:INFO:Initializing setup()
2025-06-30 21:22:48,503:INFO:self.USI: 00a4
2025-06-30 21:22:48,503:INFO:self._variable_keys: {'pipeline', 'y', 'gpu_n_jobs_param', 'n_jobs_param', '_available_plots', 'html_param', 'X', 'exp_name_log', 'fold_groups_param', 'target_param', 'fold_shuffle_param', 'seed', 'X_test', 'idx', 'y_train', 'memory', 'data', 'log_plots_param', 'USI', '_ml_usecase', 'X_train', 'gpu_param', 'transform_target_param', 'fold_generator', 'exp_id', 'logging_param', 'y_test'}
2025-06-30 21:22:48,504:INFO:Checking environment
2025-06-30 21:22:48,504:INFO:python_version: 3.11.10
2025-06-30 21:22:48,504:INFO:python_build: ('main', 'Sep  7 2024 18:35:41')
2025-06-30 21:22:48,504:INFO:machine: aarch64
2025-06-30 21:22:48,504:INFO:platform: Linux-5.15.0-1072-aws-aarch64-with-glibc2.35
2025-06-30 21:22:48,505:INFO:Memory: svmem(total=16444416000, available=6574895104, percent=60.0, used=9595060224, free=430653440, active=3932602368, inactive=10836402176, buffers=226410496, cached=6192291840, shared=2482176, slab=938369024)
2025-06-30 21:22:48,505:INFO:Physical Core: 2
2025-06-30 21:22:48,506:INFO:Logical Core: 2
2025-06-30 21:22:48,506:INFO:Checking libraries
2025-06-30 21:22:48,506:INFO:System:
2025-06-30 21:22:48,507:INFO:    python: 3.11.10 (main, Sep  7 2024, 18:35:41) [GCC 11.4.0]
2025-06-30 21:22:48,507:INFO:executable: /local_disk0/.ephemeral_nfs/envs/pythonEnv-02f36372-3e32-4c8c-ab27-840f37207c59/bin/python
2025-06-30 21:22:48,507:INFO:   machine: Linux-5.15.0-1072-aws-aarch64-with-glibc2.35
2025-06-30 21:22:48,507:INFO:PyCaret required dependencies:
2025-06-30 21:22:48,508:INFO:                 pip: 24.2
2025-06-30 21:22:48,508:INFO:          setuptools: 75.1.0
2025-06-30 21:22:48,508:INFO:             pycaret: 3.3.2
2025-06-30 21:22:48,508:INFO:             IPython: 8.25.0
2025-06-30 21:22:48,509:INFO:          ipywidgets: 7.7.2
2025-06-30 21:22:48,509:INFO:                tqdm: 4.67.1
2025-06-30 21:22:48,509:INFO:               numpy: 1.23.5
2025-06-30 21:22:48,509:INFO:              pandas: 1.5.3
2025-06-30 21:22:48,509:INFO:              jinja2: 3.1.6
2025-06-30 21:22:48,510:INFO:               scipy: 1.11.1
2025-06-30 21:22:48,510:INFO:              joblib: 1.2.0
2025-06-30 21:22:48,510:INFO:             sklearn: 1.3.0
2025-06-30 21:22:48,510:INFO:                pyod: 2.0.5
2025-06-30 21:22:48,511:INFO:            imblearn: 0.13.0
2025-06-30 21:22:48,511:INFO:   category_encoders: 2.7.0
2025-06-30 21:22:48,511:INFO:            lightgbm: 4.6.0
2025-06-30 21:22:48,512:INFO:               numba: 0.61.0
2025-06-30 21:22:48,512:INFO:            requests: 2.31.0
2025-06-30 21:22:48,512:INFO:          matplotlib: 3.7.2
2025-06-30 21:22:48,512:INFO:          scikitplot: 0.3.7
2025-06-30 21:22:48,513:INFO:         yellowbrick: 1.5
2025-06-30 21:22:48,513:INFO:              plotly: 5.9.0
2025-06-30 21:22:48,513:INFO:    plotly-resampler: Not installed
2025-06-30 21:22:48,513:INFO:             kaleido: 1.0.0
2025-06-30 21:22:48,514:INFO:           schemdraw: 0.15
2025-06-30 21:22:48,514:INFO:         statsmodels: 0.14.0
2025-06-30 21:22:48,514:INFO:              sktime: 0.26.0
2025-06-30 21:22:48,514:INFO:               tbats: 1.1.3
2025-06-30 21:22:48,514:INFO:            pmdarima: 2.0.4
2025-06-30 21:22:48,515:INFO:              psutil: 5.9.0
2025-06-30 21:22:48,515:INFO:          markupsafe: 3.0.2
2025-06-30 21:22:48,515:INFO:             pickle5: Not installed
2025-06-30 21:22:48,515:INFO:         cloudpickle: 3.0.0
2025-06-30 21:22:48,516:INFO:         deprecation: 2.1.0
2025-06-30 21:22:48,516:INFO:              xxhash: 3.5.0
2025-06-30 21:22:48,516:INFO:           wurlitzer: 3.1.1
2025-06-30 21:22:48,516:INFO:PyCaret optional dependencies:
2025-06-30 21:22:48,517:INFO:                shap: 0.44.1
2025-06-30 21:22:48,517:INFO:           interpret: 0.6.13
2025-06-30 21:22:48,517:INFO:                umap: 0.5.7
2025-06-30 21:22:48,517:INFO:     ydata_profiling: 4.16.1
2025-06-30 21:22:48,518:INFO:  explainerdashboard: 0.5.1
2025-06-30 21:22:48,518:INFO:             autoviz: Not installed
2025-06-30 21:22:48,518:INFO:           fairlearn: 0.7.0
2025-06-30 21:22:48,518:INFO:          deepchecks: Not installed
2025-06-30 21:22:48,518:INFO:             xgboost: 3.0.2
2025-06-30 21:22:48,519:INFO:            catboost: 1.2.8
2025-06-30 21:22:48,519:INFO:              kmodes: 0.12.2
2025-06-30 21:22:48,519:INFO:             mlxtend: 0.23.4
2025-06-30 21:22:48,519:INFO:       statsforecast: 1.5.0
2025-06-30 21:22:48,520:INFO:        tune_sklearn: Not installed
2025-06-30 21:22:48,520:INFO:                 ray: Not installed
2025-06-30 21:22:48,520:INFO:            hyperopt: 0.2.7
2025-06-30 21:22:48,520:INFO:              optuna: 4.4.0
2025-06-30 21:22:48,520:INFO:               skopt: 0.10.2
2025-06-30 21:22:48,521:INFO:              mlflow: 2.11.4
2025-06-30 21:22:48,521:INFO:              gradio: 5.35.0
2025-06-30 21:22:48,521:INFO:             fastapi: 0.115.14
2025-06-30 21:22:48,521:INFO:             uvicorn: 0.35.0
2025-06-30 21:22:48,521:INFO:              m2cgen: 0.10.0
2025-06-30 21:22:48,522:INFO:           evidently: 0.4.40
2025-06-30 21:22:48,522:INFO:               fugue: 0.8.7
2025-06-30 21:22:48,522:INFO:           streamlit: Not installed
2025-06-30 21:22:48,522:INFO:             prophet: Not installed
2025-06-30 21:22:48,522:INFO:None
2025-06-30 21:22:48,523:INFO:Set up data.
2025-06-30 21:22:48,534:INFO:Set up folding strategy.
2025-06-30 21:22:48,534:INFO:Set up train/test split.
2025-06-30 21:22:48,542:INFO:Set up index.
2025-06-30 21:22:48,543:INFO:Assigning column types.
2025-06-30 21:22:48,550:INFO:Engine successfully changes for model 'lr' to 'sklearn'.
2025-06-30 21:22:48,551:INFO:Engine for model 'lasso' has not been set explicitly, hence returning None.
2025-06-30 21:22:48,555:INFO:Engine for model 'ridge' has not been set explicitly, hence returning None.
2025-06-30 21:22:48,566:INFO:Engine for model 'en' has not been set explicitly, hence returning None.
2025-06-30 21:22:48,623:INFO:Engine for model 'svm' has not been set explicitly, hence returning None.
2025-06-30 21:22:48,685:INFO:Engine for model 'knn' has not been set explicitly, hence returning None.
2025-06-30 21:22:48,692:INFO:Soft dependency imported: xgboost: 3.0.2
2025-06-30 21:22:48,696:INFO:Soft dependency imported: catboost: 1.2.8
2025-06-30 21:22:48,698:INFO:Engine for model 'lasso' has not been set explicitly, hence returning None.
2025-06-30 21:22:48,702:INFO:Engine for model 'ridge' has not been set explicitly, hence returning None.
2025-06-30 21:22:48,707:INFO:Engine for model 'en' has not been set explicitly, hence returning None.
2025-06-30 21:22:48,763:INFO:Engine for model 'svm' has not been set explicitly, hence returning None.
2025-06-30 21:22:48,804:INFO:Engine for model 'knn' has not been set explicitly, hence returning None.
2025-06-30 21:22:48,811:INFO:Soft dependency imported: xgboost: 3.0.2
2025-06-30 21:22:48,841:INFO:Soft dependency imported: catboost: 1.2.8
2025-06-30 21:22:48,842:INFO:Engine successfully changes for model 'lasso' to 'sklearn'.
2025-06-30 21:22:48,846:INFO:Engine for model 'ridge' has not been set explicitly, hence returning None.
2025-06-30 21:22:48,857:INFO:Engine for model 'en' has not been set explicitly, hence returning None.
2025-06-30 21:22:48,915:INFO:Engine for model 'svm' has not been set explicitly, hence returning None.
2025-06-30 21:22:48,956:INFO:Engine for model 'knn' has not been set explicitly, hence returning None.
2025-06-30 21:22:48,957:INFO:Soft dependency imported: xgboost: 3.0.2
2025-06-30 21:22:48,960:INFO:Soft dependency imported: catboost: 1.2.8
2025-06-30 21:22:48,966:INFO:Engine for model 'ridge' has not been set explicitly, hence returning None.
2025-06-30 21:22:48,970:INFO:Engine for model 'en' has not been set explicitly, hence returning None.
2025-06-30 21:22:49,026:INFO:Engine for model 'svm' has not been set explicitly, hence returning None.
2025-06-30 21:22:49,068:INFO:Engine for model 'knn' has not been set explicitly, hence returning None.
2025-06-30 21:22:49,069:INFO:Soft dependency imported: xgboost: 3.0.2
2025-06-30 21:22:49,076:INFO:Soft dependency imported: catboost: 1.2.8
2025-06-30 21:22:49,083:INFO:Engine successfully changes for model 'ridge' to 'sklearn'.
2025-06-30 21:22:49,099:INFO:Engine for model 'en' has not been set explicitly, hence returning None.
2025-06-30 21:22:49,154:INFO:Engine for model 'svm' has not been set explicitly, hence returning None.
2025-06-30 21:22:49,196:INFO:Engine for model 'knn' has not been set explicitly, hence returning None.
2025-06-30 21:22:49,197:INFO:Soft dependency imported: xgboost: 3.0.2
2025-06-30 21:22:49,200:INFO:Soft dependency imported: catboost: 1.2.8
2025-06-30 21:22:49,210:INFO:Engine for model 'en' has not been set explicitly, hence returning None.
2025-06-30 21:22:49,268:INFO:Engine for model 'svm' has not been set explicitly, hence returning None.
2025-06-30 21:22:49,308:INFO:Engine for model 'knn' has not been set explicitly, hence returning None.
2025-06-30 21:22:49,312:INFO:Soft dependency imported: xgboost: 3.0.2
2025-06-30 21:22:49,315:INFO:Soft dependency imported: catboost: 1.2.8
2025-06-30 21:22:49,316:INFO:Engine successfully changes for model 'en' to 'sklearn'.
2025-06-30 21:22:49,381:INFO:Engine for model 'svm' has not been set explicitly, hence returning None.
2025-06-30 21:22:49,423:INFO:Engine for model 'knn' has not been set explicitly, hence returning None.
2025-06-30 21:22:49,424:INFO:Soft dependency imported: xgboost: 3.0.2
2025-06-30 21:22:49,427:INFO:Soft dependency imported: catboost: 1.2.8
2025-06-30 21:22:49,491:INFO:Engine for model 'svm' has not been set explicitly, hence returning None.
2025-06-30 21:22:49,531:INFO:Engine for model 'knn' has not been set explicitly, hence returning None.
2025-06-30 21:22:49,532:INFO:Soft dependency imported: xgboost: 3.0.2
2025-06-30 21:22:49,535:INFO:Soft dependency imported: catboost: 1.2.8
2025-06-30 21:22:49,536:INFO:Engine successfully changes for model 'knn' to 'sklearn'.
2025-06-30 21:22:49,597:INFO:Engine for model 'svm' has not been set explicitly, hence returning None.
2025-06-30 21:22:49,638:INFO:Soft dependency imported: xgboost: 3.0.2
2025-06-30 21:22:49,641:INFO:Soft dependency imported: catboost: 1.2.8
2025-06-30 21:22:49,703:INFO:Engine for model 'svm' has not been set explicitly, hence returning None.
2025-06-30 21:22:49,744:INFO:Soft dependency imported: xgboost: 3.0.2
2025-06-30 21:22:49,747:INFO:Soft dependency imported: catboost: 1.2.8
2025-06-30 21:22:49,748:INFO:Engine successfully changes for model 'svm' to 'sklearn'.
2025-06-30 21:22:49,848:INFO:Soft dependency imported: xgboost: 3.0.2
2025-06-30 21:22:49,851:INFO:Soft dependency imported: catboost: 1.2.8
2025-06-30 21:22:49,954:INFO:Soft dependency imported: xgboost: 3.0.2
2025-06-30 21:22:49,966:INFO:Soft dependency imported: catboost: 1.2.8
2025-06-30 21:22:50,550:INFO:Preparing preprocessing pipeline...
2025-06-30 21:22:50,550:INFO:Set up simple imputation.
2025-06-30 21:22:50,556:INFO:Set up encoding of categorical features.
2025-06-30 21:24:57,055:INFO:PyCaret ClassificationExperiment
2025-06-30 21:24:57,055:INFO:Logging name: clf-default-name
2025-06-30 21:24:57,055:INFO:ML Usecase: MLUsecase.CLASSIFICATION
2025-06-30 21:24:57,055:INFO:version 3.3.2
2025-06-30 21:24:57,056:INFO:Initializing setup()
2025-06-30 21:24:57,056:INFO:self.USI: 1c9e
2025-06-30 21:24:57,056:INFO:self._variable_keys: {'pipeline', 'y', 'gpu_n_jobs_param', 'n_jobs_param', '_available_plots', 'html_param', 'X', 'exp_name_log', 'fold_groups_param', 'target_param', 'fold_shuffle_param', 'seed', 'X_test', 'idx', 'y_train', 'memory', 'data', 'log_plots_param', 'USI', '_ml_usecase', 'fix_imbalance', 'X_train', 'gpu_param', 'is_multiclass', 'fold_generator', 'exp_id', 'logging_param', 'y_test'}
2025-06-30 21:24:57,056:INFO:Checking environment
2025-06-30 21:24:57,057:INFO:python_version: 3.11.10
2025-06-30 21:24:57,057:INFO:python_build: ('main', 'Sep  7 2024 18:35:41')
2025-06-30 21:24:57,057:INFO:machine: aarch64
2025-06-30 21:24:57,057:INFO:platform: Linux-5.15.0-1072-aws-aarch64-with-glibc2.35
2025-06-30 21:24:57,058:INFO:Memory: svmem(total=16444416000, available=6595670016, percent=59.9, used=9574273024, free=481026048, active=3931705344, inactive=10802233344, buffers=226820096, cached=6162296832, shared=2482176, slab=934981632)
2025-06-30 21:24:57,058:INFO:Physical Core: 2
2025-06-30 21:24:57,058:INFO:Logical Core: 2
2025-06-30 21:24:57,058:INFO:Checking libraries
2025-06-30 21:24:57,059:INFO:System:
2025-06-30 21:24:57,059:INFO:    python: 3.11.10 (main, Sep  7 2024, 18:35:41) [GCC 11.4.0]
2025-06-30 21:24:57,059:INFO:executable: /local_disk0/.ephemeral_nfs/envs/pythonEnv-02f36372-3e32-4c8c-ab27-840f37207c59/bin/python
2025-06-30 21:24:57,059:INFO:   machine: Linux-5.15.0-1072-aws-aarch64-with-glibc2.35
2025-06-30 21:24:57,059:INFO:PyCaret required dependencies:
2025-06-30 21:24:57,060:INFO:                 pip: 24.2
2025-06-30 21:24:57,060:INFO:          setuptools: 75.1.0
2025-06-30 21:24:57,060:INFO:             pycaret: 3.3.2
2025-06-30 21:24:57,060:INFO:             IPython: 8.25.0
2025-06-30 21:24:57,060:INFO:          ipywidgets: 7.7.2
2025-06-30 21:24:57,061:INFO:                tqdm: 4.67.1
2025-06-30 21:24:57,061:INFO:               numpy: 1.23.5
2025-06-30 21:24:57,061:INFO:              pandas: 1.5.3
2025-06-30 21:24:57,061:INFO:              jinja2: 3.1.6
2025-06-30 21:24:57,061:INFO:               scipy: 1.11.1
2025-06-30 21:24:57,062:INFO:              joblib: 1.2.0
2025-06-30 21:24:57,062:INFO:             sklearn: 1.3.0
2025-06-30 21:24:57,062:INFO:                pyod: 2.0.5
2025-06-30 21:24:57,062:INFO:            imblearn: 0.13.0
2025-06-30 21:24:57,062:INFO:   category_encoders: 2.7.0
2025-06-30 21:24:57,062:INFO:            lightgbm: 4.6.0
2025-06-30 21:24:57,063:INFO:               numba: 0.61.0
2025-06-30 21:24:57,063:INFO:            requests: 2.31.0
2025-06-30 21:24:57,063:INFO:          matplotlib: 3.7.2
2025-06-30 21:24:57,063:INFO:          scikitplot: 0.3.7
2025-06-30 21:24:57,063:INFO:         yellowbrick: 1.5
2025-06-30 21:24:57,064:INFO:              plotly: 5.9.0
2025-06-30 21:24:57,064:INFO:    plotly-resampler: Not installed
2025-06-30 21:24:57,064:INFO:             kaleido: 1.0.0
2025-06-30 21:24:57,064:INFO:           schemdraw: 0.15
2025-06-30 21:24:57,064:INFO:         statsmodels: 0.14.0
2025-06-30 21:24:57,065:INFO:              sktime: 0.26.0
2025-06-30 21:24:57,065:INFO:               tbats: 1.1.3
2025-06-30 21:24:57,065:INFO:            pmdarima: 2.0.4
2025-06-30 21:24:57,069:INFO:              psutil: 5.9.0
2025-06-30 21:24:57,069:INFO:          markupsafe: 3.0.2
2025-06-30 21:24:57,070:INFO:             pickle5: Not installed
2025-06-30 21:24:57,070:INFO:         cloudpickle: 3.0.0
2025-06-30 21:24:57,070:INFO:         deprecation: 2.1.0
2025-06-30 21:24:57,070:INFO:              xxhash: 3.5.0
2025-06-30 21:24:57,071:INFO:           wurlitzer: 3.1.1
2025-06-30 21:24:57,071:INFO:PyCaret optional dependencies:
2025-06-30 21:24:57,074:INFO:                shap: 0.44.1
2025-06-30 21:24:57,074:INFO:           interpret: 0.6.13
2025-06-30 21:24:57,074:INFO:                umap: 0.5.7
2025-06-30 21:24:57,074:INFO:     ydata_profiling: 4.16.1
2025-06-30 21:24:57,074:INFO:  explainerdashboard: 0.5.1
2025-06-30 21:24:57,075:INFO:             autoviz: Not installed
2025-06-30 21:24:57,075:INFO:           fairlearn: 0.7.0
2025-06-30 21:24:57,075:INFO:          deepchecks: Not installed
2025-06-30 21:24:57,076:INFO:             xgboost: 3.0.2
2025-06-30 21:24:57,077:INFO:            catboost: 1.2.8
2025-06-30 21:24:57,077:INFO:              kmodes: 0.12.2
2025-06-30 21:24:57,077:INFO:             mlxtend: 0.23.4
2025-06-30 21:24:57,077:INFO:       statsforecast: 1.5.0
2025-06-30 21:24:57,078:INFO:        tune_sklearn: Not installed
2025-06-30 21:24:57,078:INFO:                 ray: Not installed
2025-06-30 21:24:57,078:INFO:            hyperopt: 0.2.7
2025-06-30 21:24:57,078:INFO:              optuna: 4.4.0
2025-06-30 21:24:57,079:INFO:               skopt: 0.10.2
2025-06-30 21:24:57,079:INFO:              mlflow: 2.11.4
2025-06-30 21:24:57,079:INFO:              gradio: 5.35.0
2025-06-30 21:24:57,080:INFO:             fastapi: 0.115.14
2025-06-30 21:24:57,080:INFO:             uvicorn: 0.35.0
2025-06-30 21:24:57,080:INFO:              m2cgen: 0.10.0
2025-06-30 21:24:57,080:INFO:           evidently: 0.4.40
2025-06-30 21:24:57,081:INFO:               fugue: 0.8.7
2025-06-30 21:24:57,081:INFO:           streamlit: Not installed
2025-06-30 21:24:57,082:INFO:             prophet: Not installed
2025-06-30 21:24:57,082:INFO:None
2025-06-30 21:24:57,082:INFO:Set up data.
2025-06-30 21:24:57,097:INFO:Set up folding strategy.
2025-06-30 21:24:57,098:INFO:Set up train/test split.
2025-06-30 21:24:57,118:INFO:Set up index.
2025-06-30 21:24:57,119:INFO:Assigning column types.
2025-06-30 21:24:57,129:INFO:Engine successfully changes for model 'lr' to 'sklearn'.
2025-06-30 21:24:57,175:INFO:Engine for model 'knn' has not been set explicitly, hence returning None.
2025-06-30 21:24:57,181:INFO:Engine for model 'rbfsvm' has not been set explicitly, hence returning None.
2025-06-30 21:24:57,209:INFO:Soft dependency imported: xgboost: 3.0.2
2025-06-30 21:24:57,214:INFO:Soft dependency imported: catboost: 1.2.8
2025-06-30 21:24:57,265:INFO:Engine for model 'knn' has not been set explicitly, hence returning None.
2025-06-30 21:24:57,266:INFO:Engine for model 'rbfsvm' has not been set explicitly, hence returning None.
2025-06-30 21:24:57,294:INFO:Soft dependency imported: xgboost: 3.0.2
2025-06-30 21:24:57,301:INFO:Soft dependency imported: catboost: 1.2.8
2025-06-30 21:24:57,303:INFO:Engine successfully changes for model 'knn' to 'sklearn'.
2025-06-30 21:24:57,354:INFO:Engine for model 'rbfsvm' has not been set explicitly, hence returning None.
2025-06-30 21:24:57,383:INFO:Soft dependency imported: xgboost: 3.0.2
2025-06-30 21:24:57,389:INFO:Soft dependency imported: catboost: 1.2.8
2025-06-30 21:24:57,454:INFO:Engine for model 'rbfsvm' has not been set explicitly, hence returning None.
2025-06-30 21:24:57,527:INFO:Soft dependency imported: xgboost: 3.0.2
2025-06-30 21:24:57,533:INFO:Soft dependency imported: catboost: 1.2.8
2025-06-30 21:24:57,534:INFO:Engine successfully changes for model 'rbfsvm' to 'sklearn'.
2025-06-30 21:24:57,619:INFO:Soft dependency imported: xgboost: 3.0.2
2025-06-30 21:24:57,622:INFO:Soft dependency imported: catboost: 1.2.8
2025-06-30 21:24:57,691:INFO:Soft dependency imported: xgboost: 3.0.2
2025-06-30 21:24:57,694:INFO:Soft dependency imported: catboost: 1.2.8
2025-06-30 21:25:46,318:INFO:PyCaret ClassificationExperiment
2025-06-30 21:25:46,319:INFO:Logging name: clf-default-name
2025-06-30 21:25:46,319:INFO:ML Usecase: MLUsecase.CLASSIFICATION
2025-06-30 21:25:46,319:INFO:version 3.3.2
2025-06-30 21:25:46,320:INFO:Initializing setup()
2025-06-30 21:25:46,320:INFO:self.USI: 7927
2025-06-30 21:25:46,320:INFO:self._variable_keys: {'pipeline', 'y', 'gpu_n_jobs_param', 'n_jobs_param', '_available_plots', 'html_param', 'X', 'exp_name_log', 'fold_groups_param', 'target_param', 'fold_shuffle_param', 'seed', 'X_test', 'idx', 'y_train', 'memory', 'data', 'log_plots_param', 'USI', '_ml_usecase', 'fix_imbalance', 'X_train', 'gpu_param', 'is_multiclass', 'fold_generator', 'exp_id', 'logging_param', 'y_test'}
2025-06-30 21:25:46,320:INFO:Checking environment
2025-06-30 21:25:46,321:INFO:python_version: 3.11.10
2025-06-30 21:25:46,321:INFO:python_build: ('main', 'Sep  7 2024 18:35:41')
2025-06-30 21:25:46,322:INFO:machine: aarch64
2025-06-30 21:25:46,323:INFO:platform: Linux-5.15.0-1072-aws-aarch64-with-glibc2.35
2025-06-30 21:25:46,323:INFO:Memory: svmem(total=16444416000, available=6577852416, percent=60.0, used=9592102912, free=513339392, active=3931926528, inactive=10772709376, buffers=226959360, cached=6112014336, shared=2482176, slab=934989824)
2025-06-30 21:25:46,324:INFO:Physical Core: 2
2025-06-30 21:25:46,324:INFO:Logical Core: 2
2025-06-30 21:25:46,324:INFO:Checking libraries
2025-06-30 21:25:46,324:INFO:System:
2025-06-30 21:25:46,325:INFO:    python: 3.11.10 (main, Sep  7 2024, 18:35:41) [GCC 11.4.0]
2025-06-30 21:25:46,325:INFO:executable: /local_disk0/.ephemeral_nfs/envs/pythonEnv-02f36372-3e32-4c8c-ab27-840f37207c59/bin/python
2025-06-30 21:25:46,325:INFO:   machine: Linux-5.15.0-1072-aws-aarch64-with-glibc2.35
2025-06-30 21:25:46,325:INFO:PyCaret required dependencies:
2025-06-30 21:25:46,326:INFO:                 pip: 24.2
2025-06-30 21:25:46,326:INFO:          setuptools: 75.1.0
2025-06-30 21:25:46,326:INFO:             pycaret: 3.3.2
2025-06-30 21:25:46,326:INFO:             IPython: 8.25.0
2025-06-30 21:25:46,327:INFO:          ipywidgets: 7.7.2
2025-06-30 21:25:46,329:INFO:                tqdm: 4.67.1
2025-06-30 21:25:46,329:INFO:               numpy: 1.23.5
2025-06-30 21:25:46,330:INFO:              pandas: 1.5.3
2025-06-30 21:25:46,330:INFO:              jinja2: 3.1.6
2025-06-30 21:25:46,330:INFO:               scipy: 1.11.1
2025-06-30 21:25:46,330:INFO:              joblib: 1.2.0
2025-06-30 21:25:46,330:INFO:             sklearn: 1.3.0
2025-06-30 21:25:46,331:INFO:                pyod: 2.0.5
2025-06-30 21:25:46,331:INFO:            imblearn: 0.13.0
2025-06-30 21:25:46,331:INFO:   category_encoders: 2.7.0
2025-06-30 21:25:46,331:INFO:            lightgbm: 4.6.0
2025-06-30 21:25:46,332:INFO:               numba: 0.61.0
2025-06-30 21:25:46,332:INFO:            requests: 2.31.0
2025-06-30 21:25:46,332:INFO:          matplotlib: 3.7.2
2025-06-30 21:25:46,335:INFO:          scikitplot: 0.3.7
2025-06-30 21:25:46,335:INFO:         yellowbrick: 1.5
2025-06-30 21:25:46,335:INFO:              plotly: 5.9.0
2025-06-30 21:25:46,336:INFO:    plotly-resampler: Not installed
2025-06-30 21:25:46,336:INFO:             kaleido: 1.0.0
2025-06-30 21:25:46,336:INFO:           schemdraw: 0.15
2025-06-30 21:25:46,336:INFO:         statsmodels: 0.14.0
2025-06-30 21:25:46,336:INFO:              sktime: 0.26.0
2025-06-30 21:25:46,337:INFO:               tbats: 1.1.3
2025-06-30 21:25:46,337:INFO:            pmdarima: 2.0.4
2025-06-30 21:25:46,337:INFO:              psutil: 5.9.0
2025-06-30 21:25:46,337:INFO:          markupsafe: 3.0.2
2025-06-30 21:25:46,338:INFO:             pickle5: Not installed
2025-06-30 21:25:46,338:INFO:         cloudpickle: 3.0.0
2025-06-30 21:25:46,338:INFO:         deprecation: 2.1.0
2025-06-30 21:25:46,338:INFO:              xxhash: 3.5.0
2025-06-30 21:25:46,338:INFO:           wurlitzer: 3.1.1
2025-06-30 21:25:46,338:INFO:PyCaret optional dependencies:
2025-06-30 21:25:46,339:INFO:                shap: 0.44.1
2025-06-30 21:25:46,339:INFO:           interpret: 0.6.13
2025-06-30 21:25:46,339:INFO:                umap: 0.5.7
2025-06-30 21:25:46,340:INFO:     ydata_profiling: 4.16.1
2025-06-30 21:25:46,340:INFO:  explainerdashboard: 0.5.1
2025-06-30 21:25:46,340:INFO:             autoviz: Not installed
2025-06-30 21:25:46,340:INFO:           fairlearn: 0.7.0
2025-06-30 21:25:46,340:INFO:          deepchecks: Not installed
2025-06-30 21:25:46,340:INFO:             xgboost: 3.0.2
2025-06-30 21:25:46,340:INFO:            catboost: 1.2.8
2025-06-30 21:25:46,341:INFO:              kmodes: 0.12.2
2025-06-30 21:25:46,341:INFO:             mlxtend: 0.23.4
2025-06-30 21:25:46,341:INFO:       statsforecast: 1.5.0
2025-06-30 21:25:46,341:INFO:        tune_sklearn: Not installed
2025-06-30 21:25:46,342:INFO:                 ray: Not installed
2025-06-30 21:25:46,342:INFO:            hyperopt: 0.2.7
2025-06-30 21:25:46,342:INFO:              optuna: 4.4.0
2025-06-30 21:25:46,342:INFO:               skopt: 0.10.2
2025-06-30 21:25:46,342:INFO:              mlflow: 2.11.4
2025-06-30 21:25:46,342:INFO:              gradio: 5.35.0
2025-06-30 21:25:46,343:INFO:             fastapi: 0.115.14
2025-06-30 21:25:46,343:INFO:             uvicorn: 0.35.0
2025-06-30 21:25:46,343:INFO:              m2cgen: 0.10.0
2025-06-30 21:25:46,344:INFO:           evidently: 0.4.40
2025-06-30 21:25:46,344:INFO:               fugue: 0.8.7
2025-06-30 21:25:46,344:INFO:           streamlit: Not installed
2025-06-30 21:25:46,344:INFO:             prophet: Not installed
2025-06-30 21:25:46,344:INFO:None
2025-06-30 21:25:46,345:INFO:Set up data.
2025-06-30 21:25:46,358:INFO:Set up folding strategy.
2025-06-30 21:25:46,359:INFO:Set up train/test split.
2025-06-30 21:25:46,372:INFO:Set up index.
2025-06-30 21:25:46,373:INFO:Assigning column types.
2025-06-30 21:25:46,381:INFO:Engine successfully changes for model 'lr' to 'sklearn'.
2025-06-30 21:25:46,421:INFO:Engine for model 'knn' has not been set explicitly, hence returning None.
2025-06-30 21:25:46,422:INFO:Engine for model 'rbfsvm' has not been set explicitly, hence returning None.
2025-06-30 21:25:46,457:INFO:Soft dependency imported: xgboost: 3.0.2
2025-06-30 21:25:46,460:INFO:Soft dependency imported: catboost: 1.2.8
2025-06-30 21:25:46,503:INFO:Engine for model 'knn' has not been set explicitly, hence returning None.
2025-06-30 21:25:46,504:INFO:Engine for model 'rbfsvm' has not been set explicitly, hence returning None.
2025-06-30 21:25:46,529:INFO:Soft dependency imported: xgboost: 3.0.2
2025-06-30 21:25:46,533:INFO:Soft dependency imported: catboost: 1.2.8
2025-06-30 21:25:46,534:INFO:Engine successfully changes for model 'knn' to 'sklearn'.
2025-06-30 21:25:46,613:INFO:Engine for model 'rbfsvm' has not been set explicitly, hence returning None.
2025-06-30 21:25:46,666:INFO:Soft dependency imported: xgboost: 3.0.2
2025-06-30 21:25:46,670:INFO:Soft dependency imported: catboost: 1.2.8
2025-06-30 21:25:46,712:INFO:Engine for model 'rbfsvm' has not been set explicitly, hence returning None.
2025-06-30 21:25:46,738:INFO:Soft dependency imported: xgboost: 3.0.2
2025-06-30 21:25:46,741:INFO:Soft dependency imported: catboost: 1.2.8
2025-06-30 21:25:46,742:INFO:Engine successfully changes for model 'rbfsvm' to 'sklearn'.
2025-06-30 21:25:46,807:INFO:Soft dependency imported: xgboost: 3.0.2
2025-06-30 21:25:46,810:INFO:Soft dependency imported: catboost: 1.2.8
2025-06-30 21:25:46,875:INFO:Soft dependency imported: xgboost: 3.0.2
2025-06-30 21:25:46,878:INFO:Soft dependency imported: catboost: 1.2.8
2025-06-30 21:25:46,885:INFO:Preparing preprocessing pipeline...
2025-06-30 21:25:46,888:INFO:Set up label encoding.
2025-06-30 21:25:46,888:INFO:Set up simple imputation.
2025-06-30 21:25:46,893:INFO:Set up encoding of ordinal features.
2025-06-30 21:25:46,897:INFO:Set up encoding of categorical features.
2025-06-30 21:25:47,423:INFO:Finished creating preprocessing pipeline.
2025-06-30 21:25:47,464:INFO:Pipeline: Pipeline(memory=FastMemory(location=/Volumes/workspace/zillow/temp/joblib),
         steps=[('label_encoding',
                 TransformerWrapperWithInverse(exclude=None, include=None,
                                               transformer=LabelEncoder())),
                ('numerical_imputer',
                 TransformerWrapper(exclude=None,
                                    include=['Id', 'WeekofPurchase', 'StoreID',
                                             'PriceCH', 'PriceMM', 'DiscCH',
                                             'DiscMM', 'SpecialCH', 'SpecialMM',
                                             'LoyalCH'...
                                                              missing_values=nan,
                                                              strategy='most_frequent'))),
                ('ordinal_encoding',
                 TransformerWrapper(exclude=None, include=['Store7'],
                                    transformer=OrdinalEncoder(cols=['Store7'],
                                                               drop_invariant=False,
                                                               handle_missing='return_nan',
                                                               handle_unknown='value',
                                                               mapping=[{'col': 'Store7',
                                                                         'data_type': dtype('O'),
                                                                         'mapping': No     0
Yes    1
NaN   -1
dtype: int64}],
                                                               return_df=True,
                                                               verbose=0)))],
         verbose=False)
2025-06-30 21:25:47,464:INFO:Creating final display dataframe.
2025-06-30 21:25:49,999:INFO:Setup _display_container:                     Description             Value
0                    Session id              2606
1                        Target          Purchase
2                   Target type            Binary
3                Target mapping      CH: 0, MM: 1
4           Original data shape        (1070, 19)
5        Transformed data shape        (1070, 19)
6   Transformed train set shape         (749, 19)
7    Transformed test set shape         (321, 19)
8              Numeric features                17
9          Categorical features                 1
10                   Preprocess              True
11              Imputation type            simple
12           Numeric imputation              mean
13       Categorical imputation              mode
14     Maximum one-hot encoding                25
15              Encoding method              None
16               Fold Generator   StratifiedKFold
17                  Fold Number                10
18                     CPU Jobs                -1
19                      Use GPU             False
20               Log Experiment             False
21              Experiment Name  clf-default-name
22                          USI              7927
2025-06-30 21:25:50,089:INFO:Soft dependency imported: xgboost: 3.0.2
2025-06-30 21:25:50,092:INFO:Soft dependency imported: catboost: 1.2.8
2025-06-30 21:25:50,174:INFO:Soft dependency imported: xgboost: 3.0.2
2025-06-30 21:25:50,177:INFO:Soft dependency imported: catboost: 1.2.8
2025-06-30 21:25:50,182:INFO:setup() successfully completed in 4.28s...............
2025-06-30 21:27:40,149:INFO:PyCaret ClassificationExperiment
2025-06-30 21:27:40,150:INFO:Logging name: clf-default-name
2025-06-30 21:27:40,150:INFO:ML Usecase: MLUsecase.CLASSIFICATION
2025-06-30 21:27:40,150:INFO:version 3.3.2
2025-06-30 21:27:40,150:INFO:Initializing setup()
2025-06-30 21:27:40,150:INFO:self.USI: 9430
2025-06-30 21:27:40,151:INFO:self._variable_keys: {'pipeline', 'y', 'gpu_n_jobs_param', 'n_jobs_param', '_available_plots', 'html_param', 'X', 'exp_name_log', 'fold_groups_param', 'target_param', 'fold_shuffle_param', 'seed', 'X_test', 'idx', 'y_train', 'memory', 'data', 'log_plots_param', 'USI', '_ml_usecase', 'fix_imbalance', 'X_train', 'gpu_param', 'is_multiclass', 'fold_generator', 'exp_id', 'logging_param', 'y_test'}
2025-06-30 21:27:40,151:INFO:Checking environment
2025-06-30 21:27:40,151:INFO:python_version: 3.11.10
2025-06-30 21:27:40,151:INFO:python_build: ('main', 'Sep  7 2024 18:35:41')
2025-06-30 21:27:40,151:INFO:machine: aarch64
2025-06-30 21:27:40,153:INFO:platform: Linux-5.15.0-1072-aws-aarch64-with-glibc2.35
2025-06-30 21:27:40,153:INFO:Memory: svmem(total=16444416000, available=6466260992, percent=60.7, used=9703698432, free=469319680, active=3937673216, inactive=10804162560, buffers=227323904, cached=6044073984, shared=2482176, slab=940032000)
2025-06-30 21:27:40,154:INFO:Physical Core: 2
2025-06-30 21:27:40,154:INFO:Logical Core: 2
2025-06-30 21:27:40,154:INFO:Checking libraries
2025-06-30 21:27:40,154:INFO:System:
2025-06-30 21:27:40,154:INFO:    python: 3.11.10 (main, Sep  7 2024, 18:35:41) [GCC 11.4.0]
2025-06-30 21:27:40,155:INFO:executable: /local_disk0/.ephemeral_nfs/envs/pythonEnv-02f36372-3e32-4c8c-ab27-840f37207c59/bin/python
2025-06-30 21:27:40,155:INFO:   machine: Linux-5.15.0-1072-aws-aarch64-with-glibc2.35
2025-06-30 21:27:40,155:INFO:PyCaret required dependencies:
2025-06-30 21:27:40,155:INFO:                 pip: 24.2
2025-06-30 21:27:40,155:INFO:          setuptools: 75.1.0
2025-06-30 21:27:40,156:INFO:             pycaret: 3.3.2
2025-06-30 21:27:40,156:INFO:             IPython: 8.25.0
2025-06-30 21:27:40,156:INFO:          ipywidgets: 7.7.2
2025-06-30 21:27:40,156:INFO:                tqdm: 4.67.1
2025-06-30 21:27:40,156:INFO:               numpy: 1.23.5
2025-06-30 21:27:40,156:INFO:              pandas: 1.5.3
2025-06-30 21:27:40,157:INFO:              jinja2: 3.1.6
2025-06-30 21:27:40,157:INFO:               scipy: 1.11.1
2025-06-30 21:27:40,157:INFO:              joblib: 1.2.0
2025-06-30 21:27:40,157:INFO:             sklearn: 1.3.0
2025-06-30 21:27:40,158:INFO:                pyod: 2.0.5
2025-06-30 21:27:40,158:INFO:            imblearn: 0.13.0
2025-06-30 21:27:40,158:INFO:   category_encoders: 2.7.0
2025-06-30 21:27:40,158:INFO:            lightgbm: 4.6.0
2025-06-30 21:27:40,158:INFO:               numba: 0.61.0
2025-06-30 21:27:40,159:INFO:            requests: 2.31.0
2025-06-30 21:27:40,159:INFO:          matplotlib: 3.7.2
2025-06-30 21:27:40,159:INFO:          scikitplot: 0.3.7
2025-06-30 21:27:40,159:INFO:         yellowbrick: 1.5
2025-06-30 21:27:40,160:INFO:              plotly: 5.9.0
2025-06-30 21:27:40,160:INFO:    plotly-resampler: Not installed
2025-06-30 21:27:40,160:INFO:             kaleido: 1.0.0
2025-06-30 21:27:40,160:INFO:           schemdraw: 0.15
2025-06-30 21:27:40,161:INFO:         statsmodels: 0.14.0
2025-06-30 21:27:40,161:INFO:              sktime: 0.26.0
2025-06-30 21:27:40,161:INFO:               tbats: 1.1.3
2025-06-30 21:27:40,161:INFO:            pmdarima: 2.0.4
2025-06-30 21:27:40,162:INFO:              psutil: 5.9.0
2025-06-30 21:27:40,162:INFO:          markupsafe: 3.0.2
2025-06-30 21:27:40,162:INFO:             pickle5: Not installed
2025-06-30 21:27:40,162:INFO:         cloudpickle: 3.0.0
2025-06-30 21:27:40,162:INFO:         deprecation: 2.1.0
2025-06-30 21:27:40,163:INFO:              xxhash: 3.5.0
2025-06-30 21:27:40,163:INFO:           wurlitzer: 3.1.1
2025-06-30 21:27:40,163:INFO:PyCaret optional dependencies:
2025-06-30 21:27:40,164:INFO:                shap: 0.44.1
2025-06-30 21:27:40,164:INFO:           interpret: 0.6.13
2025-06-30 21:27:40,164:INFO:                umap: 0.5.7
2025-06-30 21:27:40,164:INFO:     ydata_profiling: 4.16.1
2025-06-30 21:27:40,164:INFO:  explainerdashboard: 0.5.1
2025-06-30 21:27:40,165:INFO:             autoviz: Not installed
2025-06-30 21:27:40,165:INFO:           fairlearn: 0.7.0
2025-06-30 21:27:40,165:INFO:          deepchecks: Not installed
2025-06-30 21:27:40,165:INFO:             xgboost: 3.0.2
2025-06-30 21:27:40,166:INFO:            catboost: 1.2.8
2025-06-30 21:27:40,166:INFO:              kmodes: 0.12.2
2025-06-30 21:27:40,166:INFO:             mlxtend: 0.23.4
2025-06-30 21:27:40,166:INFO:       statsforecast: 1.5.0
2025-06-30 21:27:40,167:INFO:        tune_sklearn: Not installed
2025-06-30 21:27:40,167:INFO:                 ray: Not installed
2025-06-30 21:27:40,167:INFO:            hyperopt: 0.2.7
2025-06-30 21:27:40,167:INFO:              optuna: 4.4.0
2025-06-30 21:27:40,168:INFO:               skopt: 0.10.2
2025-06-30 21:27:40,168:INFO:              mlflow: 2.11.4
2025-06-30 21:27:40,168:INFO:              gradio: 5.35.0
2025-06-30 21:27:40,168:INFO:             fastapi: 0.115.14
2025-06-30 21:27:40,169:INFO:             uvicorn: 0.35.0
2025-06-30 21:27:40,169:INFO:              m2cgen: 0.10.0
2025-06-30 21:27:40,169:INFO:           evidently: 0.4.40
2025-06-30 21:27:40,169:INFO:               fugue: 0.8.7
2025-06-30 21:27:40,170:INFO:           streamlit: Not installed
2025-06-30 21:27:40,170:INFO:             prophet: Not installed
2025-06-30 21:27:40,170:INFO:None
2025-06-30 21:27:40,170:INFO:Set up data.
2025-06-30 21:27:40,182:INFO:Set up folding strategy.
2025-06-30 21:27:40,183:INFO:Set up train/test split.
2025-06-30 21:28:20,830:INFO:PyCaret ClassificationExperiment
2025-06-30 21:28:20,831:INFO:Logging name: clf-default-name
2025-06-30 21:28:20,831:INFO:ML Usecase: MLUsecase.CLASSIFICATION
2025-06-30 21:28:20,831:INFO:version 3.3.2
2025-06-30 21:28:20,832:INFO:Initializing setup()
2025-06-30 21:28:20,832:INFO:self.USI: abb1
2025-06-30 21:28:20,832:INFO:self._variable_keys: {'pipeline', 'y', 'gpu_n_jobs_param', 'n_jobs_param', '_available_plots', 'html_param', 'X', 'exp_name_log', 'fold_groups_param', 'target_param', 'fold_shuffle_param', 'seed', 'X_test', 'idx', 'y_train', 'memory', 'data', 'log_plots_param', 'USI', '_ml_usecase', 'fix_imbalance', 'X_train', 'gpu_param', 'is_multiclass', 'fold_generator', 'exp_id', 'logging_param', 'y_test'}
2025-06-30 21:28:20,833:INFO:Checking environment
2025-06-30 21:28:20,833:INFO:python_version: 3.11.10
2025-06-30 21:28:20,833:INFO:python_build: ('main', 'Sep  7 2024 18:35:41')
2025-06-30 21:28:20,833:INFO:machine: aarch64
2025-06-30 21:28:20,833:INFO:platform: Linux-5.15.0-1072-aws-aarch64-with-glibc2.35
2025-06-30 21:28:20,834:INFO:Memory: svmem(total=16444416000, available=6460108800, percent=60.7, used=9709854720, free=464400384, active=3937927168, inactive=10792099840, buffers=227495936, cached=6042664960, shared=2478080, slab=936538112)
2025-06-30 21:28:20,835:INFO:Physical Core: 2
2025-06-30 21:28:20,835:INFO:Logical Core: 2
2025-06-30 21:28:20,835:INFO:Checking libraries
2025-06-30 21:28:20,836:INFO:System:
2025-06-30 21:28:20,836:INFO:    python: 3.11.10 (main, Sep  7 2024, 18:35:41) [GCC 11.4.0]
2025-06-30 21:28:20,836:INFO:executable: /local_disk0/.ephemeral_nfs/envs/pythonEnv-02f36372-3e32-4c8c-ab27-840f37207c59/bin/python
2025-06-30 21:28:20,836:INFO:   machine: Linux-5.15.0-1072-aws-aarch64-with-glibc2.35
2025-06-30 21:28:20,837:INFO:PyCaret required dependencies:
2025-06-30 21:28:20,837:INFO:                 pip: 24.2
2025-06-30 21:28:20,837:INFO:          setuptools: 75.1.0
2025-06-30 21:28:20,837:INFO:             pycaret: 3.3.2
2025-06-30 21:28:20,838:INFO:             IPython: 8.25.0
2025-06-30 21:28:20,838:INFO:          ipywidgets: 7.7.2
2025-06-30 21:28:20,838:INFO:                tqdm: 4.67.1
2025-06-30 21:28:20,838:INFO:               numpy: 1.23.5
2025-06-30 21:28:20,839:INFO:              pandas: 1.5.3
2025-06-30 21:28:20,839:INFO:              jinja2: 3.1.6
2025-06-30 21:28:20,839:INFO:               scipy: 1.11.1
2025-06-30 21:28:20,839:INFO:              joblib: 1.2.0
2025-06-30 21:28:20,839:INFO:             sklearn: 1.3.0
2025-06-30 21:28:20,840:INFO:                pyod: 2.0.5
2025-06-30 21:28:20,840:INFO:            imblearn: 0.13.0
2025-06-30 21:28:20,840:INFO:   category_encoders: 2.7.0
2025-06-30 21:28:20,840:INFO:            lightgbm: 4.6.0
2025-06-30 21:28:20,840:INFO:               numba: 0.61.0
2025-06-30 21:28:20,841:INFO:            requests: 2.31.0
2025-06-30 21:28:20,841:INFO:          matplotlib: 3.7.2
2025-06-30 21:28:20,841:INFO:          scikitplot: 0.3.7
2025-06-30 21:28:20,842:INFO:         yellowbrick: 1.5
2025-06-30 21:28:20,842:INFO:              plotly: 5.9.0
2025-06-30 21:28:20,842:INFO:    plotly-resampler: Not installed
2025-06-30 21:28:20,842:INFO:             kaleido: 1.0.0
2025-06-30 21:28:20,842:INFO:           schemdraw: 0.15
2025-06-30 21:28:20,843:INFO:         statsmodels: 0.14.0
2025-06-30 21:28:20,843:INFO:              sktime: 0.26.0
2025-06-30 21:28:20,843:INFO:               tbats: 1.1.3
2025-06-30 21:28:20,843:INFO:            pmdarima: 2.0.4
2025-06-30 21:28:20,844:INFO:              psutil: 5.9.0
2025-06-30 21:28:20,844:INFO:          markupsafe: 3.0.2
2025-06-30 21:28:20,844:INFO:             pickle5: Not installed
2025-06-30 21:28:20,844:INFO:         cloudpickle: 3.0.0
2025-06-30 21:28:20,845:INFO:         deprecation: 2.1.0
2025-06-30 21:28:20,845:INFO:              xxhash: 3.5.0
2025-06-30 21:28:20,845:INFO:           wurlitzer: 3.1.1
2025-06-30 21:28:20,846:INFO:PyCaret optional dependencies:
2025-06-30 21:28:20,846:INFO:                shap: 0.44.1
2025-06-30 21:28:20,846:INFO:           interpret: 0.6.13
2025-06-30 21:28:20,846:INFO:                umap: 0.5.7
2025-06-30 21:28:20,847:INFO:     ydata_profiling: 4.16.1
2025-06-30 21:28:20,847:INFO:  explainerdashboard: 0.5.1
2025-06-30 21:28:20,847:INFO:             autoviz: Not installed
2025-06-30 21:28:20,848:INFO:           fairlearn: 0.7.0
2025-06-30 21:28:20,848:INFO:          deepchecks: Not installed
2025-06-30 21:28:20,848:INFO:             xgboost: 3.0.2
2025-06-30 21:28:20,848:INFO:            catboost: 1.2.8
2025-06-30 21:28:20,849:INFO:              kmodes: 0.12.2
2025-06-30 21:28:20,849:INFO:             mlxtend: 0.23.4
2025-06-30 21:28:20,849:INFO:       statsforecast: 1.5.0
2025-06-30 21:28:20,849:INFO:        tune_sklearn: Not installed
2025-06-30 21:28:20,849:INFO:                 ray: Not installed
2025-06-30 21:28:20,850:INFO:            hyperopt: 0.2.7
2025-06-30 21:28:20,850:INFO:              optuna: 4.4.0
2025-06-30 21:28:20,850:INFO:               skopt: 0.10.2
2025-06-30 21:28:20,850:INFO:              mlflow: 2.11.4
2025-06-30 21:28:20,850:INFO:              gradio: 5.35.0
2025-06-30 21:28:20,851:INFO:             fastapi: 0.115.14
2025-06-30 21:28:20,851:INFO:             uvicorn: 0.35.0
2025-06-30 21:28:20,851:INFO:              m2cgen: 0.10.0
2025-06-30 21:28:20,851:INFO:           evidently: 0.4.40
2025-06-30 21:28:20,852:INFO:               fugue: 0.8.7
2025-06-30 21:28:20,852:INFO:           streamlit: Not installed
2025-06-30 21:28:20,852:INFO:             prophet: Not installed
2025-06-30 21:28:20,852:INFO:None
2025-06-30 21:28:20,852:INFO:Set up data.
2025-06-30 21:28:20,863:INFO:Set up folding strategy.
2025-06-30 21:28:20,865:INFO:Set up train/test split.
2025-06-30 21:28:55,757:INFO:PyCaret RegressionExperiment
2025-06-30 21:28:55,760:INFO:Logging name: reg-default-name
2025-06-30 21:28:55,760:INFO:ML Usecase: MLUsecase.REGRESSION
2025-06-30 21:28:55,760:INFO:version 3.3.2
2025-06-30 21:28:55,761:INFO:Initializing setup()
2025-06-30 21:28:55,761:INFO:self.USI: f0bb
2025-06-30 21:28:55,762:INFO:self._variable_keys: {'pipeline', 'y', 'gpu_n_jobs_param', 'n_jobs_param', '_available_plots', 'html_param', 'X', 'exp_name_log', 'fold_groups_param', 'target_param', 'fold_shuffle_param', 'seed', 'X_test', 'idx', 'y_train', 'memory', 'data', 'log_plots_param', 'USI', '_ml_usecase', 'X_train', 'gpu_param', 'transform_target_param', 'fold_generator', 'exp_id', 'logging_param', 'y_test'}
2025-06-30 21:28:55,762:INFO:Checking environment
2025-06-30 21:28:55,763:INFO:python_version: 3.11.10
2025-06-30 21:28:55,763:INFO:python_build: ('main', 'Sep  7 2024 18:35:41')
2025-06-30 21:28:55,763:INFO:machine: aarch64
2025-06-30 21:28:55,763:INFO:platform: Linux-5.15.0-1072-aws-aarch64-with-glibc2.35
2025-06-30 21:28:55,764:INFO:Memory: svmem(total=16444416000, available=6456926208, percent=60.7, used=9713025024, free=455974912, active=3938177024, inactive=10793631744, buffers=227581952, cached=6047834112, shared=2478080, slab=940122112)
2025-06-30 21:28:55,764:INFO:Physical Core: 2
2025-06-30 21:28:55,765:INFO:Logical Core: 2
2025-06-30 21:28:55,765:INFO:Checking libraries
2025-06-30 21:28:55,765:INFO:System:
2025-06-30 21:28:55,765:INFO:    python: 3.11.10 (main, Sep  7 2024, 18:35:41) [GCC 11.4.0]
2025-06-30 21:28:55,766:INFO:executable: /local_disk0/.ephemeral_nfs/envs/pythonEnv-02f36372-3e32-4c8c-ab27-840f37207c59/bin/python
2025-06-30 21:28:55,766:INFO:   machine: Linux-5.15.0-1072-aws-aarch64-with-glibc2.35
2025-06-30 21:28:55,766:INFO:PyCaret required dependencies:
2025-06-30 21:28:55,766:INFO:                 pip: 24.2
2025-06-30 21:28:55,767:INFO:          setuptools: 75.1.0
2025-06-30 21:28:55,767:INFO:             pycaret: 3.3.2
2025-06-30 21:28:55,767:INFO:             IPython: 8.25.0
2025-06-30 21:28:55,768:INFO:          ipywidgets: 7.7.2
2025-06-30 21:28:55,768:INFO:                tqdm: 4.67.1
2025-06-30 21:28:55,768:INFO:               numpy: 1.23.5
2025-06-30 21:28:55,769:INFO:              pandas: 1.5.3
2025-06-30 21:28:55,769:INFO:              jinja2: 3.1.6
2025-06-30 21:28:55,769:INFO:               scipy: 1.11.1
2025-06-30 21:28:55,770:INFO:              joblib: 1.2.0
2025-06-30 21:28:55,770:INFO:             sklearn: 1.3.0
2025-06-30 21:28:55,770:INFO:                pyod: 2.0.5
2025-06-30 21:28:55,771:INFO:            imblearn: 0.13.0
2025-06-30 21:28:55,771:INFO:   category_encoders: 2.7.0
2025-06-30 21:28:55,771:INFO:            lightgbm: 4.6.0
2025-06-30 21:28:55,771:INFO:               numba: 0.61.0
2025-06-30 21:28:55,771:INFO:            requests: 2.31.0
2025-06-30 21:28:55,772:INFO:          matplotlib: 3.7.2
2025-06-30 21:28:55,772:INFO:          scikitplot: 0.3.7
2025-06-30 21:28:55,772:INFO:         yellowbrick: 1.5
2025-06-30 21:28:55,772:INFO:              plotly: 5.9.0
2025-06-30 21:28:55,773:INFO:    plotly-resampler: Not installed
2025-06-30 21:28:55,773:INFO:             kaleido: 1.0.0
2025-06-30 21:28:55,773:INFO:           schemdraw: 0.15
2025-06-30 21:28:55,773:INFO:         statsmodels: 0.14.0
2025-06-30 21:28:55,774:INFO:              sktime: 0.26.0
2025-06-30 21:28:55,774:INFO:               tbats: 1.1.3
2025-06-30 21:28:55,774:INFO:            pmdarima: 2.0.4
2025-06-30 21:28:55,774:INFO:              psutil: 5.9.0
2025-06-30 21:28:55,777:INFO:          markupsafe: 3.0.2
2025-06-30 21:28:55,778:INFO:             pickle5: Not installed
2025-06-30 21:28:55,778:INFO:         cloudpickle: 3.0.0
2025-06-30 21:28:55,778:INFO:         deprecation: 2.1.0
2025-06-30 21:28:55,778:INFO:              xxhash: 3.5.0
2025-06-30 21:28:55,779:INFO:           wurlitzer: 3.1.1
2025-06-30 21:28:55,779:INFO:PyCaret optional dependencies:
2025-06-30 21:28:55,779:INFO:                shap: 0.44.1
2025-06-30 21:28:55,779:INFO:           interpret: 0.6.13
2025-06-30 21:28:55,780:INFO:                umap: 0.5.7
2025-06-30 21:28:55,780:INFO:     ydata_profiling: 4.16.1
2025-06-30 21:28:55,780:INFO:  explainerdashboard: 0.5.1
2025-06-30 21:28:55,780:INFO:             autoviz: Not installed
2025-06-30 21:28:55,781:INFO:           fairlearn: 0.7.0
2025-06-30 21:28:55,781:INFO:          deepchecks: Not installed
2025-06-30 21:28:55,781:INFO:             xgboost: 3.0.2
2025-06-30 21:28:55,781:INFO:            catboost: 1.2.8
2025-06-30 21:28:55,781:INFO:              kmodes: 0.12.2
2025-06-30 21:28:55,782:INFO:             mlxtend: 0.23.4
2025-06-30 21:28:55,782:INFO:       statsforecast: 1.5.0
2025-06-30 21:28:55,782:INFO:        tune_sklearn: Not installed
2025-06-30 21:28:55,782:INFO:                 ray: Not installed
2025-06-30 21:28:55,783:INFO:            hyperopt: 0.2.7
2025-06-30 21:28:55,783:INFO:              optuna: 4.4.0
2025-06-30 21:28:55,783:INFO:               skopt: 0.10.2
2025-06-30 21:28:55,783:INFO:              mlflow: 2.11.4
2025-06-30 21:28:55,784:INFO:              gradio: 5.35.0
2025-06-30 21:28:55,784:INFO:             fastapi: 0.115.14
2025-06-30 21:28:55,784:INFO:             uvicorn: 0.35.0
2025-06-30 21:28:55,784:INFO:              m2cgen: 0.10.0
2025-06-30 21:28:55,785:INFO:           evidently: 0.4.40
2025-06-30 21:28:55,785:INFO:               fugue: 0.8.7
2025-06-30 21:28:55,785:INFO:           streamlit: Not installed
2025-06-30 21:28:55,785:INFO:             prophet: Not installed
2025-06-30 21:28:55,785:INFO:None
2025-06-30 21:28:55,786:INFO:Set up data.
2025-06-30 21:28:55,796:INFO:Set up folding strategy.
2025-06-30 21:28:55,796:INFO:Set up train/test split.
2025-06-30 21:28:55,803:INFO:Set up index.
2025-06-30 21:28:55,804:INFO:Assigning column types.
2025-06-30 21:28:55,809:INFO:Engine successfully changes for model 'lr' to 'sklearn'.
2025-06-30 21:28:55,810:INFO:Engine for model 'lasso' has not been set explicitly, hence returning None.
2025-06-30 21:28:55,814:INFO:Engine for model 'ridge' has not been set explicitly, hence returning None.
2025-06-30 21:28:55,819:INFO:Engine for model 'en' has not been set explicitly, hence returning None.
2025-06-30 21:28:55,874:INFO:Engine for model 'svm' has not been set explicitly, hence returning None.
2025-06-30 21:28:55,914:INFO:Engine for model 'knn' has not been set explicitly, hence returning None.
2025-06-30 21:28:55,920:INFO:Soft dependency imported: xgboost: 3.0.2
2025-06-30 21:28:55,928:INFO:Soft dependency imported: catboost: 1.2.8
2025-06-30 21:28:55,930:INFO:Engine for model 'lasso' has not been set explicitly, hence returning None.
2025-06-30 21:28:55,936:INFO:Engine for model 'ridge' has not been set explicitly, hence returning None.
2025-06-30 21:28:55,945:INFO:Engine for model 'en' has not been set explicitly, hence returning None.
2025-06-30 21:28:56,012:INFO:Engine for model 'svm' has not been set explicitly, hence returning None.
2025-06-30 21:28:56,054:INFO:Engine for model 'knn' has not been set explicitly, hence returning None.
2025-06-30 21:28:56,055:INFO:Soft dependency imported: xgboost: 3.0.2
2025-06-30 21:28:56,062:INFO:Soft dependency imported: catboost: 1.2.8
2025-06-30 21:28:56,110:INFO:Engine successfully changes for model 'lasso' to 'sklearn'.
2025-06-30 21:28:56,115:INFO:Engine for model 'ridge' has not been set explicitly, hence returning None.
2025-06-30 21:28:56,120:INFO:Engine for model 'en' has not been set explicitly, hence returning None.
2025-06-30 21:28:56,176:INFO:Engine for model 'svm' has not been set explicitly, hence returning None.
2025-06-30 21:28:56,219:INFO:Engine for model 'knn' has not been set explicitly, hence returning None.
2025-06-30 21:28:56,220:INFO:Soft dependency imported: xgboost: 3.0.2
2025-06-30 21:28:56,223:INFO:Soft dependency imported: catboost: 1.2.8
2025-06-30 21:28:56,229:INFO:Engine for model 'ridge' has not been set explicitly, hence returning None.
2025-06-30 21:28:56,234:INFO:Engine for model 'en' has not been set explicitly, hence returning None.
2025-06-30 21:28:56,292:INFO:Engine for model 'svm' has not been set explicitly, hence returning None.
2025-06-30 21:28:56,337:INFO:Engine for model 'knn' has not been set explicitly, hence returning None.
2025-06-30 21:28:56,338:INFO:Soft dependency imported: xgboost: 3.0.2
2025-06-30 21:28:56,341:INFO:Soft dependency imported: catboost: 1.2.8
2025-06-30 21:28:56,343:INFO:Engine successfully changes for model 'ridge' to 'sklearn'.
2025-06-30 21:28:56,352:INFO:Engine for model 'en' has not been set explicitly, hence returning None.
2025-06-30 21:28:56,410:INFO:Engine for model 'svm' has not been set explicitly, hence returning None.
2025-06-30 21:28:56,453:INFO:Engine for model 'knn' has not been set explicitly, hence returning None.
2025-06-30 21:28:56,454:INFO:Soft dependency imported: xgboost: 3.0.2
2025-06-30 21:28:56,457:INFO:Soft dependency imported: catboost: 1.2.8
2025-06-30 21:28:56,468:INFO:Engine for model 'en' has not been set explicitly, hence returning None.
2025-06-30 21:28:56,523:INFO:Engine for model 'svm' has not been set explicitly, hence returning None.
2025-06-30 21:28:56,570:INFO:Engine for model 'knn' has not been set explicitly, hence returning None.
2025-06-30 21:28:56,575:INFO:Soft dependency imported: xgboost: 3.0.2
2025-06-30 21:28:56,578:INFO:Soft dependency imported: catboost: 1.2.8
2025-06-30 21:28:56,579:INFO:Engine successfully changes for model 'en' to 'sklearn'.
2025-06-30 21:28:56,666:INFO:Engine for model 'svm' has not been set explicitly, hence returning None.
2025-06-30 21:28:56,709:INFO:Engine for model 'knn' has not been set explicitly, hence returning None.
2025-06-30 21:28:56,710:INFO:Soft dependency imported: xgboost: 3.0.2
2025-06-30 21:28:56,713:INFO:Soft dependency imported: catboost: 1.2.8
2025-06-30 21:28:56,794:INFO:Engine for model 'svm' has not been set explicitly, hence returning None.
2025-06-30 21:28:56,836:INFO:Engine for model 'knn' has not been set explicitly, hence returning None.
2025-06-30 21:28:56,848:INFO:Soft dependency imported: xgboost: 3.0.2
2025-06-30 21:28:56,851:INFO:Soft dependency imported: catboost: 1.2.8
2025-06-30 21:28:56,852:INFO:Engine successfully changes for model 'knn' to 'sklearn'.
2025-06-30 21:28:56,929:INFO:Engine for model 'svm' has not been set explicitly, hence returning None.
2025-06-30 21:28:56,978:INFO:Soft dependency imported: xgboost: 3.0.2
2025-06-30 21:28:56,982:INFO:Soft dependency imported: catboost: 1.2.8
2025-06-30 21:28:57,052:INFO:Engine for model 'svm' has not been set explicitly, hence returning None.
2025-06-30 21:28:57,096:INFO:Soft dependency imported: xgboost: 3.0.2
2025-06-30 21:28:57,109:INFO:Soft dependency imported: catboost: 1.2.8
2025-06-30 21:28:57,117:INFO:Engine successfully changes for model 'svm' to 'sklearn'.
2025-06-30 21:28:57,231:INFO:Soft dependency imported: xgboost: 3.0.2
2025-06-30 21:28:57,234:INFO:Soft dependency imported: catboost: 1.2.8
2025-06-30 21:28:57,348:INFO:Soft dependency imported: xgboost: 3.0.2
2025-06-30 21:28:57,355:INFO:Soft dependency imported: catboost: 1.2.8
2025-06-30 21:28:57,547:INFO:Preparing preprocessing pipeline...
2025-06-30 21:28:57,548:INFO:Set up simple imputation.
2025-06-30 21:28:57,554:INFO:Set up encoding of categorical features.
2025-06-30 21:28:58,651:INFO:Finished creating preprocessing pipeline.
2025-06-30 21:28:58,667:INFO:Pipeline: Pipeline(memory=FastMemory(location=/Volumes/workspace/zillow/temp/joblib),
         steps=[('numerical_imputer',
                 TransformerWrapper(exclude=None,
                                    include=['bathrooms', 'bedrooms',
                                             'yearbuilt', 'zipcode'],
                                    transformer=SimpleImputer(add_indicator=False,
                                                              copy=True,
                                                              fill_value=None,
                                                              keep_empty_features=False,
                                                              missing_values=nan,
                                                              strategy='mean'))),
                ('categorical_imputer',
                 T...
                                                              handle_unknown='value',
                                                              return_df=True,
                                                              use_cat_names=True,
                                                              verbose=0))),
                ('rest_encoding',
                 TransformerWrapper(exclude=None, include=['city', 'state'],
                                    transformer=TargetEncoder(cols=['city',
                                                                    'state'],
                                                              drop_invariant=False,
                                                              handle_missing='return_nan',
                                                              handle_unknown='value',
                                                              hierarchy=None,
                                                              min_samples_leaf=20,
                                                              return_df=True,
                                                              smoothing=10,
                                                              verbose=0)))],
         verbose=False)
2025-06-30 21:28:58,667:INFO:Creating final display dataframe.
2025-06-30 21:29:02,607:INFO:Setup _display_container:                     Description             Value
0                    Session id              2625
1                        Target             price
2                   Target type        Regression
3           Original data shape          (996, 9)
4        Transformed data shape         (996, 20)
5   Transformed train set shape         (796, 20)
6    Transformed test set shape         (200, 20)
7              Numeric features                 4
8          Categorical features                 4
9      Rows with missing values              3.3%
10                   Preprocess              True
11              Imputation type            simple
12           Numeric imputation              mean
13       Categorical imputation              mode
14     Maximum one-hot encoding                25
15              Encoding method              None
16               Fold Generator             KFold
17                  Fold Number                10
18                     CPU Jobs                -1
19                      Use GPU             False
20               Log Experiment             False
21              Experiment Name  reg-default-name
22                          USI              f0bb
2025-06-30 21:29:02,729:INFO:Soft dependency imported: xgboost: 3.0.2
2025-06-30 21:29:02,734:INFO:Soft dependency imported: catboost: 1.2.8
2025-06-30 21:29:02,841:INFO:Soft dependency imported: xgboost: 3.0.2
2025-06-30 21:29:02,844:INFO:Soft dependency imported: catboost: 1.2.8
2025-06-30 21:29:02,846:INFO:setup() successfully completed in 7.35s...............
2025-06-30 21:29:55,833:INFO:Initializing compare_models()
2025-06-30 21:29:55,834:INFO:compare_models(self=<pycaret.regression.oop.RegressionExperiment object at 0xfff2c44316d0>, include=None, exclude=None, fold=None, round=4, cross_validation=True, sort=R2, n_select=1, budget_time=None, turbo=True, errors=ignore, fit_kwargs=None, groups=None, experiment_custom_tags=None, probability_threshold=None, verbose=True, parallel=None, caller_params={'self': <pycaret.regression.oop.RegressionExperiment object at 0xfff2c44316d0>, 'include': None, 'exclude': None, 'fold': None, 'round': 4, 'cross_validation': True, 'sort': 'R2', 'n_select': 1, 'budget_time': None, 'turbo': True, 'errors': 'ignore', 'fit_kwargs': None, 'groups': None, 'experiment_custom_tags': None, 'engine': None, 'verbose': True, 'parallel': None, '__class__': <class 'pycaret.regression.oop.RegressionExperiment'>})
2025-06-30 21:29:55,834:INFO:Checking exceptions
2025-06-30 21:29:55,838:INFO:Preparing display monitor
2025-06-30 21:29:55,857:INFO:Initializing Linear Regression
2025-06-30 21:29:55,860:INFO:Total runtime is 4.8605600992838543e-05 minutes
2025-06-30 21:29:55,866:INFO:SubProcess create_model() called ==================================
2025-06-30 21:29:55,873:INFO:Initializing create_model()
2025-06-30 21:29:55,874:INFO:create_model(self=<pycaret.regression.oop.RegressionExperiment object at 0xfff2c44316d0>, estimator=lr, fold=KFold(n_splits=10, random_state=None, shuffle=False), round=4, cross_validation=True, predict=True, fit_kwargs={}, groups=None, refit=False, probability_threshold=None, experiment_custom_tags=None, verbose=False, system=False, add_to_model_list=True, metrics=None, display=<pycaret.internal.display.display.CommonDisplay object at 0xfff2c399a590>, model_only=True, return_train_score=False, error_score=0.0, kwargs={})
2025-06-30 21:29:55,874:INFO:Checking exceptions
2025-06-30 21:29:55,874:INFO:Importing libraries
2025-06-30 21:29:55,874:INFO:Copying training dataset
2025-06-30 21:29:55,882:INFO:Defining folds
2025-06-30 21:29:55,882:INFO:Declaring metric variables
2025-06-30 21:29:55,883:INFO:Importing untrained model
2025-06-30 21:29:55,884:INFO:Linear Regression Imported successfully
2025-06-30 21:29:55,885:INFO:Starting cross validation
2025-06-30 21:29:55,889:INFO:Cross validating with KFold(n_splits=10, random_state=None, shuffle=False), n_jobs=-1
2025-06-30 21:29:58,193:WARNING:Exception ignored on calling ctypes callback function: <function _ThreadpoolInfo._find_modules_with_dl_iterate_phdr.<locals>.match_module_callback at 0xff004b6a67a0>
2025-06-30 21:29:58,239:WARNING:Traceback (most recent call last):
2025-06-30 21:29:58,263:WARNING:  File "/databricks/python/lib/python3.11/site-packages/threadpoolctl.py", line 400, in match_module_callback
2025-06-30 21:29:58,271:WARNING:    self._make_module_from_path(filepath)
2025-06-30 21:29:58,276:WARNING:  File "/databricks/python/lib/python3.11/site-packages/threadpoolctl.py", line 515, in _make_module_from_path
2025-06-30 21:29:58,276:WARNING:    module = module_class(filepath, prefix, user_api, internal_api)
2025-06-30 21:29:58,277:WARNING:             ^^^^^^^^^^^^^^^^^^^^^^^^^^^^^^^^^^^^^^^^^^^^^^^^^^^^^^
2025-06-30 21:29:58,285:WARNING:  File "/databricks/python/lib/python3.11/site-packages/threadpoolctl.py", line 606, in __init__
2025-06-30 21:29:58,286:WARNING:    self.version = self.get_version()
2025-06-30 21:29:58,286:WARNING:                   ^^^^^^^^^^^^^^^^^^
2025-06-30 21:29:58,289:WARNING:  File "/databricks/python/lib/python3.11/site-packages/threadpoolctl.py", line 646, in get_version
2025-06-30 21:29:58,290:WARNING:    config = get_config().split()
2025-06-30 21:29:58,290:WARNING:             ^^^^^^^^^^^^^^^^^^
2025-06-30 21:29:58,293:WARNING:AttributeError: 'NoneType' object has no attribute 'split'
2025-06-30 21:29:58,293:WARNING:Exception ignored on calling ctypes callback function: <function _ThreadpoolInfo._find_modules_with_dl_iterate_phdr.<locals>.match_module_callback at 0xffc03adf67a0>
2025-06-30 21:29:58,293:WARNING:Traceback (most recent call last):
2025-06-30 21:29:58,294:WARNING:  File "/databricks/python/lib/python3.11/site-packages/threadpoolctl.py", line 400, in match_module_callback
2025-06-30 21:29:58,294:WARNING:    self._make_module_from_path(filepath)
2025-06-30 21:29:58,296:WARNING:  File "/databricks/python/lib/python3.11/site-packages/threadpoolctl.py", line 515, in _make_module_from_path
2025-06-30 21:29:58,296:WARNING:    module = module_class(filepath, prefix, user_api, internal_api)
2025-06-30 21:29:58,296:WARNING:             ^^^^^^^^^^^^^^^^^^^^^^^^^^^^^^^^^^^^^^^^^^^^^^^^^^^^^^
2025-06-30 21:29:58,296:WARNING:  File "/databricks/python/lib/python3.11/site-packages/threadpoolctl.py", line 606, in __init__
2025-06-30 21:29:58,303:WARNING:    self.version = self.get_version()
2025-06-30 21:29:58,305:WARNING:                   ^^^^^^^^^^^^^^^^^^
2025-06-30 21:29:58,310:WARNING:  File "/databricks/python/lib/python3.11/site-packages/threadpoolctl.py", line 646, in get_version
2025-06-30 21:29:58,310:WARNING:    config = get_config().split()
2025-06-30 21:29:58,310:WARNING:             ^^^^^^^^^^^^^^^^^^
2025-06-30 21:29:58,311:WARNING:AttributeError: 'NoneType' object has no attribute 'split'
2025-06-30 21:30:01,510:INFO:Calculating mean and std
2025-06-30 21:30:01,514:INFO:Creating metrics dataframe
2025-06-30 21:30:01,520:INFO:Uploading results into container
2025-06-30 21:30:01,521:INFO:Uploading model into container now
2025-06-30 21:30:01,523:INFO:_master_model_container: 1
2025-06-30 21:30:01,523:INFO:_display_container: 2
2025-06-30 21:30:01,524:INFO:LinearRegression(copy_X=True, fit_intercept=True, n_jobs=-1, positive=False)
2025-06-30 21:30:01,524:INFO:create_model() successfully completed......................................
2025-06-30 21:30:02,005:INFO:SubProcess create_model() end ==================================
2025-06-30 21:30:02,006:INFO:Creating metrics dataframe
2025-06-30 21:30:02,018:INFO:Initializing Lasso Regression
2025-06-30 21:30:02,019:INFO:Total runtime is 0.1027082363764445 minutes
2025-06-30 21:30:02,020:INFO:SubProcess create_model() called ==================================
2025-06-30 21:30:02,021:INFO:Initializing create_model()
2025-06-30 21:30:02,021:INFO:create_model(self=<pycaret.regression.oop.RegressionExperiment object at 0xfff2c44316d0>, estimator=lasso, fold=KFold(n_splits=10, random_state=None, shuffle=False), round=4, cross_validation=True, predict=True, fit_kwargs={}, groups=None, refit=False, probability_threshold=None, experiment_custom_tags=None, verbose=False, system=False, add_to_model_list=True, metrics=None, display=<pycaret.internal.display.display.CommonDisplay object at 0xfff2c399a590>, model_only=True, return_train_score=False, error_score=0.0, kwargs={})
2025-06-30 21:30:02,021:INFO:Checking exceptions
2025-06-30 21:30:02,022:INFO:Importing libraries
2025-06-30 21:30:02,022:INFO:Copying training dataset
2025-06-30 21:30:02,030:INFO:Defining folds
2025-06-30 21:30:02,031:INFO:Declaring metric variables
2025-06-30 21:30:02,036:INFO:Importing untrained model
2025-06-30 21:30:02,040:INFO:Lasso Regression Imported successfully
2025-06-30 21:30:02,043:INFO:Starting cross validation
2025-06-30 21:30:02,049:INFO:Cross validating with KFold(n_splits=10, random_state=None, shuffle=False), n_jobs=-1
2025-06-30 21:30:02,238:WARNING:/local_disk0/.ephemeral_nfs/envs/pythonEnv-02f36372-3e32-4c8c-ab27-840f37207c59/lib/python3.11/site-packages/sklearn/linear_model/_coordinate_descent.py:678: ConvergenceWarning: Objective did not converge. You might want to increase the number of iterations, check the scale of the features or consider increasing regularisation. Duality gap: 6.660e+10, tolerance: 2.859e+10
  model = cd_fast.enet_coordinate_descent(

2025-06-30 21:30:03,141:INFO:Calculating mean and std
2025-06-30 21:30:03,161:INFO:Creating metrics dataframe
2025-06-30 21:30:03,165:INFO:Uploading results into container
2025-06-30 21:30:03,168:INFO:Uploading model into container now
2025-06-30 21:30:03,170:INFO:_master_model_container: 2
2025-06-30 21:30:03,171:INFO:_display_container: 2
2025-06-30 21:30:03,172:INFO:Lasso(alpha=1.0, copy_X=True, fit_intercept=True, max_iter=1000, positive=False,
      precompute=False, random_state=2625, selection='cyclic', tol=0.0001,
      warm_start=False)
2025-06-30 21:30:03,172:INFO:create_model() successfully completed......................................
2025-06-30 21:30:03,573:INFO:SubProcess create_model() end ==================================
2025-06-30 21:30:03,574:INFO:Creating metrics dataframe
2025-06-30 21:30:03,586:INFO:Initializing Ridge Regression
2025-06-30 21:30:03,591:INFO:Total runtime is 0.12890377044677734 minutes
2025-06-30 21:30:03,592:INFO:SubProcess create_model() called ==================================
2025-06-30 21:30:03,593:INFO:Initializing create_model()
2025-06-30 21:30:03,593:INFO:create_model(self=<pycaret.regression.oop.RegressionExperiment object at 0xfff2c44316d0>, estimator=ridge, fold=KFold(n_splits=10, random_state=None, shuffle=False), round=4, cross_validation=True, predict=True, fit_kwargs={}, groups=None, refit=False, probability_threshold=None, experiment_custom_tags=None, verbose=False, system=False, add_to_model_list=True, metrics=None, display=<pycaret.internal.display.display.CommonDisplay object at 0xfff2c399a590>, model_only=True, return_train_score=False, error_score=0.0, kwargs={})
2025-06-30 21:30:03,593:INFO:Checking exceptions
2025-06-30 21:30:03,594:INFO:Importing libraries
2025-06-30 21:30:03,594:INFO:Copying training dataset
2025-06-30 21:30:03,604:INFO:Defining folds
2025-06-30 21:30:03,605:INFO:Declaring metric variables
2025-06-30 21:30:03,606:INFO:Importing untrained model
2025-06-30 21:30:03,607:INFO:Ridge Regression Imported successfully
2025-06-30 21:30:03,612:INFO:Starting cross validation
2025-06-30 21:30:03,616:INFO:Cross validating with KFold(n_splits=10, random_state=None, shuffle=False), n_jobs=-1
2025-06-30 21:30:04,184:INFO:Calculating mean and std
2025-06-30 21:30:04,185:INFO:Creating metrics dataframe
2025-06-30 21:30:04,189:INFO:Uploading results into container
2025-06-30 21:30:04,190:INFO:Uploading model into container now
2025-06-30 21:30:04,191:INFO:_master_model_container: 3
2025-06-30 21:30:04,192:INFO:_display_container: 2
2025-06-30 21:30:04,193:INFO:Ridge(alpha=1.0, copy_X=True, fit_intercept=True, max_iter=None, positive=False,
      random_state=2625, solver='auto', tol=0.0001)
2025-06-30 21:30:04,193:INFO:create_model() successfully completed......................................
2025-06-30 21:30:04,604:INFO:SubProcess create_model() end ==================================
2025-06-30 21:30:04,604:INFO:Creating metrics dataframe
2025-06-30 21:30:04,618:INFO:Initializing Elastic Net
2025-06-30 21:30:04,619:INFO:Total runtime is 0.14603803555170694 minutes
2025-06-30 21:30:04,620:INFO:SubProcess create_model() called ==================================
2025-06-30 21:30:04,623:INFO:Initializing create_model()
2025-06-30 21:30:04,624:INFO:create_model(self=<pycaret.regression.oop.RegressionExperiment object at 0xfff2c44316d0>, estimator=en, fold=KFold(n_splits=10, random_state=None, shuffle=False), round=4, cross_validation=True, predict=True, fit_kwargs={}, groups=None, refit=False, probability_threshold=None, experiment_custom_tags=None, verbose=False, system=False, add_to_model_list=True, metrics=None, display=<pycaret.internal.display.display.CommonDisplay object at 0xfff2c399a590>, model_only=True, return_train_score=False, error_score=0.0, kwargs={})
2025-06-30 21:30:04,624:INFO:Checking exceptions
2025-06-30 21:30:04,624:INFO:Importing libraries
2025-06-30 21:30:04,624:INFO:Copying training dataset
2025-06-30 21:30:04,632:INFO:Defining folds
2025-06-30 21:30:04,635:INFO:Declaring metric variables
2025-06-30 21:30:04,636:INFO:Importing untrained model
2025-06-30 21:30:04,637:INFO:Elastic Net Imported successfully
2025-06-30 21:30:04,638:INFO:Starting cross validation
2025-06-30 21:30:04,642:INFO:Cross validating with KFold(n_splits=10, random_state=None, shuffle=False), n_jobs=-1
2025-06-30 21:30:05,306:INFO:Calculating mean and std
2025-06-30 21:30:05,314:INFO:Creating metrics dataframe
2025-06-30 21:30:05,324:INFO:Uploading results into container
2025-06-30 21:30:05,327:INFO:Uploading model into container now
2025-06-30 21:30:05,337:INFO:_master_model_container: 4
2025-06-30 21:30:05,338:INFO:_display_container: 2
2025-06-30 21:30:05,343:INFO:ElasticNet(alpha=1.0, copy_X=True, fit_intercept=True, l1_ratio=0.5,
           max_iter=1000, positive=False, precompute=False, random_state=2625,
           selection='cyclic', tol=0.0001, warm_start=False)
2025-06-30 21:30:05,354:INFO:create_model() successfully completed......................................
2025-06-30 21:30:06,043:INFO:SubProcess create_model() end ==================================
2025-06-30 21:30:06,047:INFO:Creating metrics dataframe
2025-06-30 21:30:06,063:INFO:Initializing Least Angle Regression
2025-06-30 21:30:06,073:INFO:Total runtime is 0.1702632188796997 minutes
2025-06-30 21:30:06,076:INFO:SubProcess create_model() called ==================================
2025-06-30 21:30:06,082:INFO:Initializing create_model()
2025-06-30 21:30:06,086:INFO:create_model(self=<pycaret.regression.oop.RegressionExperiment object at 0xfff2c44316d0>, estimator=lar, fold=KFold(n_splits=10, random_state=None, shuffle=False), round=4, cross_validation=True, predict=True, fit_kwargs={}, groups=None, refit=False, probability_threshold=None, experiment_custom_tags=None, verbose=False, system=False, add_to_model_list=True, metrics=None, display=<pycaret.internal.display.display.CommonDisplay object at 0xfff2c399a590>, model_only=True, return_train_score=False, error_score=0.0, kwargs={})
2025-06-30 21:30:06,089:INFO:Checking exceptions
2025-06-30 21:30:06,092:INFO:Importing libraries
2025-06-30 21:30:06,099:INFO:Copying training dataset
2025-06-30 21:30:06,110:INFO:Defining folds
2025-06-30 21:30:06,111:INFO:Declaring metric variables
2025-06-30 21:30:06,111:INFO:Importing untrained model
2025-06-30 21:30:06,112:INFO:Least Angle Regression Imported successfully
2025-06-30 21:30:06,113:INFO:Starting cross validation
2025-06-30 21:30:06,118:INFO:Cross validating with KFold(n_splits=10, random_state=None, shuffle=False), n_jobs=-1
2025-06-30 21:30:07,601:INFO:Calculating mean and std
2025-06-30 21:30:07,617:INFO:Creating metrics dataframe
2025-06-30 21:30:07,669:INFO:Uploading results into container
2025-06-30 21:30:07,704:INFO:Uploading model into container now
2025-06-30 21:30:07,715:INFO:_master_model_container: 5
2025-06-30 21:30:07,717:INFO:_display_container: 2
2025-06-30 21:30:07,720:INFO:Lars(copy_X=True, eps=2.220446049250313e-16, fit_intercept=True, fit_path=True,
     jitter=None, n_nonzero_coefs=500, precompute='auto', random_state=2625,
     verbose=False)
2025-06-30 21:30:07,725:INFO:create_model() successfully completed......................................
2025-06-30 21:30:08,205:INFO:SubProcess create_model() end ==================================
2025-06-30 21:30:08,207:INFO:Creating metrics dataframe
2025-06-30 21:30:08,228:INFO:Initializing Lasso Least Angle Regression
2025-06-30 21:30:08,231:INFO:Total runtime is 0.20623380343119302 minutes
2025-06-30 21:30:08,234:INFO:SubProcess create_model() called ==================================
2025-06-30 21:30:08,239:INFO:Initializing create_model()
2025-06-30 21:30:08,240:INFO:create_model(self=<pycaret.regression.oop.RegressionExperiment object at 0xfff2c44316d0>, estimator=llar, fold=KFold(n_splits=10, random_state=None, shuffle=False), round=4, cross_validation=True, predict=True, fit_kwargs={}, groups=None, refit=False, probability_threshold=None, experiment_custom_tags=None, verbose=False, system=False, add_to_model_list=True, metrics=None, display=<pycaret.internal.display.display.CommonDisplay object at 0xfff2c399a590>, model_only=True, return_train_score=False, error_score=0.0, kwargs={})
2025-06-30 21:30:08,240:INFO:Checking exceptions
2025-06-30 21:30:08,241:INFO:Importing libraries
2025-06-30 21:30:08,241:INFO:Copying training dataset
2025-06-30 21:30:08,254:INFO:Defining folds
2025-06-30 21:30:08,255:INFO:Declaring metric variables
2025-06-30 21:30:08,255:INFO:Importing untrained model
2025-06-30 21:30:08,256:INFO:Lasso Least Angle Regression Imported successfully
2025-06-30 21:30:08,258:INFO:Starting cross validation
2025-06-30 21:30:08,262:INFO:Cross validating with KFold(n_splits=10, random_state=None, shuffle=False), n_jobs=-1
2025-06-30 21:30:09,900:INFO:Calculating mean and std
2025-06-30 21:30:09,903:INFO:Creating metrics dataframe
2025-06-30 21:30:09,907:INFO:Uploading results into container
2025-06-30 21:30:09,908:INFO:Uploading model into container now
2025-06-30 21:30:09,910:INFO:_master_model_container: 6
2025-06-30 21:30:09,910:INFO:_display_container: 2
2025-06-30 21:30:09,911:INFO:LassoLars(alpha=1.0, copy_X=True, eps=2.220446049250313e-16, fit_intercept=True,
          fit_path=True, jitter=None, max_iter=500, positive=False,
          precompute='auto', random_state=2625, verbose=False)
2025-06-30 21:30:09,911:INFO:create_model() successfully completed......................................
2025-06-30 21:30:10,540:INFO:SubProcess create_model() end ==================================
2025-06-30 21:30:10,558:INFO:Creating metrics dataframe
2025-06-30 21:30:10,600:INFO:Initializing Orthogonal Matching Pursuit
2025-06-30 21:30:10,601:INFO:Total runtime is 0.24572880268096922 minutes
2025-06-30 21:30:10,601:INFO:SubProcess create_model() called ==================================
2025-06-30 21:30:10,603:INFO:Initializing create_model()
2025-06-30 21:30:10,603:INFO:create_model(self=<pycaret.regression.oop.RegressionExperiment object at 0xfff2c44316d0>, estimator=omp, fold=KFold(n_splits=10, random_state=None, shuffle=False), round=4, cross_validation=True, predict=True, fit_kwargs={}, groups=None, refit=False, probability_threshold=None, experiment_custom_tags=None, verbose=False, system=False, add_to_model_list=True, metrics=None, display=<pycaret.internal.display.display.CommonDisplay object at 0xfff2c399a590>, model_only=True, return_train_score=False, error_score=0.0, kwargs={})
2025-06-30 21:30:10,603:INFO:Checking exceptions
2025-06-30 21:30:10,604:INFO:Importing libraries
2025-06-30 21:30:10,604:INFO:Copying training dataset
2025-06-30 21:30:10,612:INFO:Defining folds
2025-06-30 21:30:10,613:INFO:Declaring metric variables
2025-06-30 21:30:10,614:INFO:Importing untrained model
2025-06-30 21:30:10,615:INFO:Orthogonal Matching Pursuit Imported successfully
2025-06-30 21:30:10,616:INFO:Starting cross validation
2025-06-30 21:30:10,623:INFO:Cross validating with KFold(n_splits=10, random_state=None, shuffle=False), n_jobs=-1
2025-06-30 21:30:11,610:INFO:Calculating mean and std
2025-06-30 21:30:11,613:INFO:Creating metrics dataframe
2025-06-30 21:30:11,617:INFO:Uploading results into container
2025-06-30 21:30:11,618:INFO:Uploading model into container now
2025-06-30 21:30:11,619:INFO:_master_model_container: 7
2025-06-30 21:30:11,620:INFO:_display_container: 2
2025-06-30 21:30:11,621:INFO:OrthogonalMatchingPursuit(fit_intercept=True, n_nonzero_coefs=None,
                          precompute='auto', tol=None)
2025-06-30 21:30:11,621:INFO:create_model() successfully completed......................................
2025-06-30 21:30:12,228:INFO:SubProcess create_model() end ==================================
2025-06-30 21:30:12,258:INFO:Creating metrics dataframe
2025-06-30 21:30:12,294:INFO:Initializing Bayesian Ridge
2025-06-30 21:30:12,297:INFO:Total runtime is 0.27399539152781166 minutes
2025-06-30 21:30:12,313:INFO:SubProcess create_model() called ==================================
2025-06-30 21:30:12,329:INFO:Initializing create_model()
2025-06-30 21:30:12,371:INFO:create_model(self=<pycaret.regression.oop.RegressionExperiment object at 0xfff2c44316d0>, estimator=br, fold=KFold(n_splits=10, random_state=None, shuffle=False), round=4, cross_validation=True, predict=True, fit_kwargs={}, groups=None, refit=False, probability_threshold=None, experiment_custom_tags=None, verbose=False, system=False, add_to_model_list=True, metrics=None, display=<pycaret.internal.display.display.CommonDisplay object at 0xfff2c399a590>, model_only=True, return_train_score=False, error_score=0.0, kwargs={})
2025-06-30 21:30:12,454:INFO:Checking exceptions
2025-06-30 21:30:12,464:INFO:Importing libraries
2025-06-30 21:30:12,464:INFO:Copying training dataset
2025-06-30 21:30:12,481:INFO:Defining folds
2025-06-30 21:30:12,482:INFO:Declaring metric variables
2025-06-30 21:30:12,484:INFO:Importing untrained model
2025-06-30 21:30:12,487:INFO:Bayesian Ridge Imported successfully
2025-06-30 21:30:12,489:INFO:Starting cross validation
2025-06-30 21:30:12,494:INFO:Cross validating with KFold(n_splits=10, random_state=None, shuffle=False), n_jobs=-1
2025-06-30 21:30:14,348:INFO:Calculating mean and std
2025-06-30 21:30:14,391:INFO:Creating metrics dataframe
2025-06-30 21:30:14,466:INFO:Uploading results into container
2025-06-30 21:30:14,531:INFO:Uploading model into container now
2025-06-30 21:30:14,575:INFO:_master_model_container: 8
2025-06-30 21:30:14,627:INFO:_display_container: 2
2025-06-30 21:30:14,688:INFO:BayesianRidge(alpha_1=1e-06, alpha_2=1e-06, alpha_init=None,
              compute_score=False, copy_X=True, fit_intercept=True,
              lambda_1=1e-06, lambda_2=1e-06, lambda_init=None, max_iter=None,
              n_iter='deprecated', tol=0.001, verbose=False)
2025-06-30 21:30:14,736:INFO:create_model() successfully completed......................................
2025-06-30 21:30:15,441:INFO:SubProcess create_model() end ==================================
2025-06-30 21:30:15,444:INFO:Creating metrics dataframe
2025-06-30 21:30:15,471:INFO:Initializing Passive Aggressive Regressor
2025-06-30 21:30:15,496:INFO:Total runtime is 0.32731053829193113 minutes
2025-06-30 21:30:15,497:INFO:SubProcess create_model() called ==================================
2025-06-30 21:30:15,498:INFO:Initializing create_model()
2025-06-30 21:30:15,498:INFO:create_model(self=<pycaret.regression.oop.RegressionExperiment object at 0xfff2c44316d0>, estimator=par, fold=KFold(n_splits=10, random_state=None, shuffle=False), round=4, cross_validation=True, predict=True, fit_kwargs={}, groups=None, refit=False, probability_threshold=None, experiment_custom_tags=None, verbose=False, system=False, add_to_model_list=True, metrics=None, display=<pycaret.internal.display.display.CommonDisplay object at 0xfff2c399a590>, model_only=True, return_train_score=False, error_score=0.0, kwargs={})
2025-06-30 21:30:15,499:INFO:Checking exceptions
2025-06-30 21:30:15,499:INFO:Importing libraries
2025-06-30 21:30:15,499:INFO:Copying training dataset
2025-06-30 21:30:15,520:INFO:Defining folds
2025-06-30 21:30:15,521:INFO:Declaring metric variables
2025-06-30 21:30:15,521:INFO:Importing untrained model
2025-06-30 21:30:15,523:INFO:Passive Aggressive Regressor Imported successfully
2025-06-30 21:30:15,524:INFO:Starting cross validation
2025-06-30 21:30:15,528:INFO:Cross validating with KFold(n_splits=10, random_state=None, shuffle=False), n_jobs=-1
2025-06-30 21:30:16,477:INFO:Calculating mean and std
2025-06-30 21:30:16,481:INFO:Creating metrics dataframe
2025-06-30 21:30:16,485:INFO:Uploading results into container
2025-06-30 21:30:16,488:INFO:Uploading model into container now
2025-06-30 21:30:16,489:INFO:_master_model_container: 9
2025-06-30 21:30:16,489:INFO:_display_container: 2
2025-06-30 21:30:16,492:INFO:PassiveAggressiveRegressor(C=1.0, average=False, early_stopping=False,
                           epsilon=0.1, fit_intercept=True,
                           loss='epsilon_insensitive', max_iter=1000,
                           n_iter_no_change=5, random_state=2625, shuffle=True,
                           tol=0.001, validation_fraction=0.1, verbose=0,
                           warm_start=False)
2025-06-30 21:30:16,492:INFO:create_model() successfully completed......................................
2025-06-30 21:30:16,945:INFO:SubProcess create_model() end ==================================
2025-06-30 21:30:16,946:INFO:Creating metrics dataframe
2025-06-30 21:30:16,962:INFO:Initializing Huber Regressor
2025-06-30 21:30:16,962:INFO:Total runtime is 0.35175241629282633 minutes
2025-06-30 21:30:16,963:INFO:SubProcess create_model() called ==================================
2025-06-30 21:30:16,963:INFO:Initializing create_model()
2025-06-30 21:30:16,964:INFO:create_model(self=<pycaret.regression.oop.RegressionExperiment object at 0xfff2c44316d0>, estimator=huber, fold=KFold(n_splits=10, random_state=None, shuffle=False), round=4, cross_validation=True, predict=True, fit_kwargs={}, groups=None, refit=False, probability_threshold=None, experiment_custom_tags=None, verbose=False, system=False, add_to_model_list=True, metrics=None, display=<pycaret.internal.display.display.CommonDisplay object at 0xfff2c399a590>, model_only=True, return_train_score=False, error_score=0.0, kwargs={})
2025-06-30 21:30:16,964:INFO:Checking exceptions
2025-06-30 21:30:16,964:INFO:Importing libraries
2025-06-30 21:30:16,965:INFO:Copying training dataset
2025-06-30 21:30:16,974:INFO:Defining folds
2025-06-30 21:30:16,974:INFO:Declaring metric variables
2025-06-30 21:30:16,975:INFO:Importing untrained model
2025-06-30 21:30:16,976:INFO:Huber Regressor Imported successfully
2025-06-30 21:30:16,977:INFO:Starting cross validation
2025-06-30 21:30:16,981:INFO:Cross validating with KFold(n_splits=10, random_state=None, shuffle=False), n_jobs=-1
2025-06-30 21:30:17,676:INFO:Calculating mean and std
2025-06-30 21:30:17,681:INFO:Creating metrics dataframe
2025-06-30 21:30:17,685:INFO:Uploading results into container
2025-06-30 21:30:17,687:INFO:Uploading model into container now
2025-06-30 21:30:17,688:INFO:_master_model_container: 10
2025-06-30 21:30:17,689:INFO:_display_container: 2
2025-06-30 21:30:17,689:INFO:HuberRegressor(alpha=0.0001, epsilon=1.35, fit_intercept=True, max_iter=100,
               tol=1e-05, warm_start=False)
2025-06-30 21:30:17,690:INFO:create_model() successfully completed......................................
2025-06-30 21:30:18,061:INFO:SubProcess create_model() end ==================================
2025-06-30 21:30:18,062:INFO:Creating metrics dataframe
2025-06-30 21:30:18,078:INFO:Initializing K Neighbors Regressor
2025-06-30 21:30:18,078:INFO:Total runtime is 0.37035932143529254 minutes
2025-06-30 21:30:18,079:INFO:SubProcess create_model() called ==================================
2025-06-30 21:30:18,080:INFO:Initializing create_model()
2025-06-30 21:30:18,086:INFO:create_model(self=<pycaret.regression.oop.RegressionExperiment object at 0xfff2c44316d0>, estimator=knn, fold=KFold(n_splits=10, random_state=None, shuffle=False), round=4, cross_validation=True, predict=True, fit_kwargs={}, groups=None, refit=False, probability_threshold=None, experiment_custom_tags=None, verbose=False, system=False, add_to_model_list=True, metrics=None, display=<pycaret.internal.display.display.CommonDisplay object at 0xfff2c399a590>, model_only=True, return_train_score=False, error_score=0.0, kwargs={})
2025-06-30 21:30:18,087:INFO:Checking exceptions
2025-06-30 21:30:18,087:INFO:Importing libraries
2025-06-30 21:30:18,088:INFO:Copying training dataset
2025-06-30 21:30:18,100:INFO:Defining folds
2025-06-30 21:30:18,101:INFO:Declaring metric variables
2025-06-30 21:30:18,101:INFO:Importing untrained model
2025-06-30 21:30:18,102:INFO:K Neighbors Regressor Imported successfully
2025-06-30 21:30:18,103:INFO:Starting cross validation
2025-06-30 21:30:18,107:INFO:Cross validating with KFold(n_splits=10, random_state=None, shuffle=False), n_jobs=-1
2025-06-30 21:30:18,839:INFO:Calculating mean and std
2025-06-30 21:30:18,843:INFO:Creating metrics dataframe
2025-06-30 21:30:18,849:INFO:Uploading results into container
2025-06-30 21:30:18,851:INFO:Uploading model into container now
2025-06-30 21:30:18,860:INFO:_master_model_container: 11
2025-06-30 21:30:18,861:INFO:_display_container: 2
2025-06-30 21:30:18,861:INFO:KNeighborsRegressor(algorithm='auto', leaf_size=30, metric='minkowski',
                    metric_params=None, n_jobs=-1, n_neighbors=5, p=2,
                    weights='uniform')
2025-06-30 21:30:18,862:INFO:create_model() successfully completed......................................
2025-06-30 21:30:19,244:INFO:SubProcess create_model() end ==================================
2025-06-30 21:30:19,244:INFO:Creating metrics dataframe
2025-06-30 21:30:19,284:INFO:Initializing Decision Tree Regressor
2025-06-30 21:30:19,285:INFO:Total runtime is 0.39046870867411293 minutes
2025-06-30 21:30:19,286:INFO:SubProcess create_model() called ==================================
2025-06-30 21:30:19,287:INFO:Initializing create_model()
2025-06-30 21:30:19,290:INFO:create_model(self=<pycaret.regression.oop.RegressionExperiment object at 0xfff2c44316d0>, estimator=dt, fold=KFold(n_splits=10, random_state=None, shuffle=False), round=4, cross_validation=True, predict=True, fit_kwargs={}, groups=None, refit=False, probability_threshold=None, experiment_custom_tags=None, verbose=False, system=False, add_to_model_list=True, metrics=None, display=<pycaret.internal.display.display.CommonDisplay object at 0xfff2c399a590>, model_only=True, return_train_score=False, error_score=0.0, kwargs={})
2025-06-30 21:30:19,290:INFO:Checking exceptions
2025-06-30 21:30:19,290:INFO:Importing libraries
2025-06-30 21:30:19,291:INFO:Copying training dataset
2025-06-30 21:30:19,300:INFO:Defining folds
2025-06-30 21:30:19,306:INFO:Declaring metric variables
2025-06-30 21:30:19,307:INFO:Importing untrained model
2025-06-30 21:30:19,309:INFO:Decision Tree Regressor Imported successfully
2025-06-30 21:30:19,309:INFO:Starting cross validation
2025-06-30 21:30:19,314:INFO:Cross validating with KFold(n_splits=10, random_state=None, shuffle=False), n_jobs=-1
2025-06-30 21:30:20,074:INFO:Calculating mean and std
2025-06-30 21:30:20,081:INFO:Creating metrics dataframe
2025-06-30 21:30:20,084:INFO:Uploading results into container
2025-06-30 21:30:20,086:INFO:Uploading model into container now
2025-06-30 21:30:20,086:INFO:_master_model_container: 12
2025-06-30 21:30:20,087:INFO:_display_container: 2
2025-06-30 21:30:20,088:INFO:DecisionTreeRegressor(ccp_alpha=0.0, criterion='squared_error', max_depth=None,
                      max_features=None, max_leaf_nodes=None,
                      min_impurity_decrease=0.0, min_samples_leaf=1,
                      min_samples_split=2, min_weight_fraction_leaf=0.0,
                      monotonic_cst=None, random_state=2625, splitter='best')
2025-06-30 21:30:20,088:INFO:create_model() successfully completed......................................
2025-06-30 21:30:20,460:INFO:SubProcess create_model() end ==================================
2025-06-30 21:30:20,460:INFO:Creating metrics dataframe
2025-06-30 21:30:20,486:INFO:Initializing Random Forest Regressor
2025-06-30 21:30:20,489:INFO:Total runtime is 0.41052671273549396 minutes
2025-06-30 21:30:20,491:INFO:SubProcess create_model() called ==================================
2025-06-30 21:30:20,494:INFO:Initializing create_model()
2025-06-30 21:30:20,495:INFO:create_model(self=<pycaret.regression.oop.RegressionExperiment object at 0xfff2c44316d0>, estimator=rf, fold=KFold(n_splits=10, random_state=None, shuffle=False), round=4, cross_validation=True, predict=True, fit_kwargs={}, groups=None, refit=False, probability_threshold=None, experiment_custom_tags=None, verbose=False, system=False, add_to_model_list=True, metrics=None, display=<pycaret.internal.display.display.CommonDisplay object at 0xfff2c399a590>, model_only=True, return_train_score=False, error_score=0.0, kwargs={})
2025-06-30 21:30:20,495:INFO:Checking exceptions
2025-06-30 21:30:20,496:INFO:Importing libraries
2025-06-30 21:30:20,496:INFO:Copying training dataset
2025-06-30 21:30:20,509:INFO:Defining folds
2025-06-30 21:30:20,558:INFO:Declaring metric variables
2025-06-30 21:30:20,562:INFO:Importing untrained model
2025-06-30 21:30:20,577:INFO:Random Forest Regressor Imported successfully
2025-06-30 21:30:20,590:INFO:Starting cross validation
2025-06-30 21:30:20,598:INFO:Cross validating with KFold(n_splits=10, random_state=None, shuffle=False), n_jobs=-1
2025-06-30 21:30:23,959:INFO:Calculating mean and std
2025-06-30 21:30:23,961:INFO:Creating metrics dataframe
2025-06-30 21:30:23,966:INFO:Uploading results into container
2025-06-30 21:30:23,967:INFO:Uploading model into container now
2025-06-30 21:30:23,969:INFO:_master_model_container: 13
2025-06-30 21:30:23,969:INFO:_display_container: 2
2025-06-30 21:30:23,970:INFO:RandomForestRegressor(bootstrap=True, ccp_alpha=0.0, criterion='squared_error',
                      max_depth=None, max_features=1.0, max_leaf_nodes=None,
                      max_samples=None, min_impurity_decrease=0.0,
                      min_samples_leaf=1, min_samples_split=2,
                      min_weight_fraction_leaf=0.0, monotonic_cst=None,
                      n_estimators=100, n_jobs=-1, oob_score=False,
                      random_state=2625, verbose=0, warm_start=False)
2025-06-30 21:30:23,971:INFO:create_model() successfully completed......................................
2025-06-30 21:30:24,334:INFO:SubProcess create_model() end ==================================
2025-06-30 21:30:24,340:INFO:Creating metrics dataframe
2025-06-30 21:30:24,357:INFO:Initializing Extra Trees Regressor
2025-06-30 21:30:24,358:INFO:Total runtime is 0.47502083381017046 minutes
2025-06-30 21:30:24,359:INFO:SubProcess create_model() called ==================================
2025-06-30 21:30:24,359:INFO:Initializing create_model()
2025-06-30 21:30:24,360:INFO:create_model(self=<pycaret.regression.oop.RegressionExperiment object at 0xfff2c44316d0>, estimator=et, fold=KFold(n_splits=10, random_state=None, shuffle=False), round=4, cross_validation=True, predict=True, fit_kwargs={}, groups=None, refit=False, probability_threshold=None, experiment_custom_tags=None, verbose=False, system=False, add_to_model_list=True, metrics=None, display=<pycaret.internal.display.display.CommonDisplay object at 0xfff2c399a590>, model_only=True, return_train_score=False, error_score=0.0, kwargs={})
2025-06-30 21:30:24,360:INFO:Checking exceptions
2025-06-30 21:30:24,360:INFO:Importing libraries
2025-06-30 21:30:24,360:INFO:Copying training dataset
2025-06-30 21:30:24,368:INFO:Defining folds
2025-06-30 21:30:24,374:INFO:Declaring metric variables
2025-06-30 21:30:24,375:INFO:Importing untrained model
2025-06-30 21:30:24,376:INFO:Extra Trees Regressor Imported successfully
2025-06-30 21:30:24,377:INFO:Starting cross validation
2025-06-30 21:30:24,380:INFO:Cross validating with KFold(n_splits=10, random_state=None, shuffle=False), n_jobs=-1
2025-06-30 21:30:27,051:INFO:Calculating mean and std
2025-06-30 21:30:27,053:INFO:Creating metrics dataframe
2025-06-30 21:30:27,059:INFO:Uploading results into container
2025-06-30 21:30:27,061:INFO:Uploading model into container now
2025-06-30 21:30:27,062:INFO:_master_model_container: 14
2025-06-30 21:30:27,062:INFO:_display_container: 2
2025-06-30 21:30:27,063:INFO:ExtraTreesRegressor(bootstrap=False, ccp_alpha=0.0, criterion='squared_error',
                    max_depth=None, max_features=1.0, max_leaf_nodes=None,
                    max_samples=None, min_impurity_decrease=0.0,
                    min_samples_leaf=1, min_samples_split=2,
                    min_weight_fraction_leaf=0.0, monotonic_cst=None,
                    n_estimators=100, n_jobs=-1, oob_score=False,
                    random_state=2625, verbose=0, warm_start=False)
2025-06-30 21:30:27,063:INFO:create_model() successfully completed......................................
2025-06-30 21:30:27,445:INFO:SubProcess create_model() end ==================================
2025-06-30 21:30:27,447:INFO:Creating metrics dataframe
2025-06-30 21:30:27,468:INFO:Initializing AdaBoost Regressor
2025-06-30 21:30:27,468:INFO:Total runtime is 0.5268510142962137 minutes
2025-06-30 21:30:27,469:INFO:SubProcess create_model() called ==================================
2025-06-30 21:30:27,469:INFO:Initializing create_model()
2025-06-30 21:30:27,470:INFO:create_model(self=<pycaret.regression.oop.RegressionExperiment object at 0xfff2c44316d0>, estimator=ada, fold=KFold(n_splits=10, random_state=None, shuffle=False), round=4, cross_validation=True, predict=True, fit_kwargs={}, groups=None, refit=False, probability_threshold=None, experiment_custom_tags=None, verbose=False, system=False, add_to_model_list=True, metrics=None, display=<pycaret.internal.display.display.CommonDisplay object at 0xfff2c399a590>, model_only=True, return_train_score=False, error_score=0.0, kwargs={})
2025-06-30 21:30:27,470:INFO:Checking exceptions
2025-06-30 21:30:27,470:INFO:Importing libraries
2025-06-30 21:30:27,471:INFO:Copying training dataset
2025-06-30 21:30:27,478:INFO:Defining folds
2025-06-30 21:30:27,482:INFO:Declaring metric variables
2025-06-30 21:30:27,483:INFO:Importing untrained model
2025-06-30 21:30:27,484:INFO:AdaBoost Regressor Imported successfully
2025-06-30 21:30:27,485:INFO:Starting cross validation
2025-06-30 21:30:27,495:INFO:Cross validating with KFold(n_splits=10, random_state=None, shuffle=False), n_jobs=-1
2025-06-30 21:30:28,558:INFO:Calculating mean and std
2025-06-30 21:30:28,560:INFO:Creating metrics dataframe
2025-06-30 21:30:28,564:INFO:Uploading results into container
2025-06-30 21:30:28,565:INFO:Uploading model into container now
2025-06-30 21:30:28,566:INFO:_master_model_container: 15
2025-06-30 21:30:28,566:INFO:_display_container: 2
2025-06-30 21:30:28,567:INFO:AdaBoostRegressor(estimator=None, learning_rate=1.0, loss='linear',
                  n_estimators=50, random_state=2625)
2025-06-30 21:30:28,567:INFO:create_model() successfully completed......................................
2025-06-30 21:30:28,990:INFO:SubProcess create_model() end ==================================
2025-06-30 21:30:28,991:INFO:Creating metrics dataframe
2025-06-30 21:30:29,010:INFO:Initializing Gradient Boosting Regressor
2025-06-30 21:30:29,010:INFO:Total runtime is 0.5525569478670755 minutes
2025-06-30 21:30:29,011:INFO:SubProcess create_model() called ==================================
2025-06-30 21:30:29,012:INFO:Initializing create_model()
2025-06-30 21:30:29,012:INFO:create_model(self=<pycaret.regression.oop.RegressionExperiment object at 0xfff2c44316d0>, estimator=gbr, fold=KFold(n_splits=10, random_state=None, shuffle=False), round=4, cross_validation=True, predict=True, fit_kwargs={}, groups=None, refit=False, probability_threshold=None, experiment_custom_tags=None, verbose=False, system=False, add_to_model_list=True, metrics=None, display=<pycaret.internal.display.display.CommonDisplay object at 0xfff2c399a590>, model_only=True, return_train_score=False, error_score=0.0, kwargs={})
2025-06-30 21:30:29,013:INFO:Checking exceptions
2025-06-30 21:30:29,013:INFO:Importing libraries
2025-06-30 21:30:29,013:INFO:Copying training dataset
2025-06-30 21:30:29,024:INFO:Defining folds
2025-06-30 21:30:29,025:INFO:Declaring metric variables
2025-06-30 21:30:29,025:INFO:Importing untrained model
2025-06-30 21:30:29,026:INFO:Gradient Boosting Regressor Imported successfully
2025-06-30 21:30:29,027:INFO:Starting cross validation
2025-06-30 21:30:29,032:INFO:Cross validating with KFold(n_splits=10, random_state=None, shuffle=False), n_jobs=-1
2025-06-30 21:30:30,482:INFO:Calculating mean and std
2025-06-30 21:30:30,492:INFO:Creating metrics dataframe
2025-06-30 21:30:30,496:INFO:Uploading results into container
2025-06-30 21:30:30,498:INFO:Uploading model into container now
2025-06-30 21:30:30,498:INFO:_master_model_container: 16
2025-06-30 21:30:30,499:INFO:_display_container: 2
2025-06-30 21:30:30,500:INFO:GradientBoostingRegressor(alpha=0.9, ccp_alpha=0.0, criterion='friedman_mse',
                          init=None, learning_rate=0.1, loss='squared_error',
                          max_depth=3, max_features=None, max_leaf_nodes=None,
                          min_impurity_decrease=0.0, min_samples_leaf=1,
                          min_samples_split=2, min_weight_fraction_leaf=0.0,
                          n_estimators=100, n_iter_no_change=None,
                          random_state=2625, subsample=1.0, tol=0.0001,
                          validation_fraction=0.1, verbose=0, warm_start=False)
2025-06-30 21:30:30,500:INFO:create_model() successfully completed......................................
2025-06-30 21:30:30,868:INFO:SubProcess create_model() end ==================================
2025-06-30 21:30:30,869:INFO:Creating metrics dataframe
2025-06-30 21:30:30,886:INFO:Initializing Extreme Gradient Boosting
2025-06-30 21:30:30,890:INFO:Total runtime is 0.5838792443275451 minutes
2025-06-30 21:30:30,890:INFO:SubProcess create_model() called ==================================
2025-06-30 21:30:30,891:INFO:Initializing create_model()
2025-06-30 21:30:30,892:INFO:create_model(self=<pycaret.regression.oop.RegressionExperiment object at 0xfff2c44316d0>, estimator=xgboost, fold=KFold(n_splits=10, random_state=None, shuffle=False), round=4, cross_validation=True, predict=True, fit_kwargs={}, groups=None, refit=False, probability_threshold=None, experiment_custom_tags=None, verbose=False, system=False, add_to_model_list=True, metrics=None, display=<pycaret.internal.display.display.CommonDisplay object at 0xfff2c399a590>, model_only=True, return_train_score=False, error_score=0.0, kwargs={})
2025-06-30 21:30:30,892:INFO:Checking exceptions
2025-06-30 21:30:30,892:INFO:Importing libraries
2025-06-30 21:30:30,892:INFO:Copying training dataset
2025-06-30 21:30:30,900:INFO:Defining folds
2025-06-30 21:30:30,902:INFO:Declaring metric variables
2025-06-30 21:30:30,903:INFO:Importing untrained model
2025-06-30 21:30:30,907:INFO:Extreme Gradient Boosting Imported successfully
2025-06-30 21:30:30,911:INFO:Starting cross validation
2025-06-30 21:30:30,915:INFO:Cross validating with KFold(n_splits=10, random_state=None, shuffle=False), n_jobs=-1
2025-06-30 21:30:31,918:INFO:Calculating mean and std
2025-06-30 21:30:31,924:INFO:Creating metrics dataframe
2025-06-30 21:30:31,928:INFO:Uploading results into container
2025-06-30 21:30:31,929:INFO:Uploading model into container now
2025-06-30 21:30:31,930:INFO:_master_model_container: 17
2025-06-30 21:30:31,931:INFO:_display_container: 2
2025-06-30 21:30:31,933:INFO:XGBRegressor(base_score=None, booster='gbtree', callbacks=None,
             colsample_bylevel=None, colsample_bynode=None,
             colsample_bytree=None, device='cpu', early_stopping_rounds=None,
             enable_categorical=False, eval_metric=None, feature_types=None,
             feature_weights=None, gamma=None, grow_policy=None,
             importance_type=None, interaction_constraints=None,
             learning_rate=None, max_bin=None, max_cat_threshold=None,
             max_cat_to_onehot=None, max_delta_step=None, max_depth=None,
             max_leaves=None, min_child_weight=None, missing=nan,
             monotone_constraints=None, multi_strategy=None, n_estimators=None,
             n_jobs=-1, num_parallel_tree=None, ...)
2025-06-30 21:30:31,933:INFO:create_model() successfully completed......................................
2025-06-30 21:30:32,334:INFO:SubProcess create_model() end ==================================
2025-06-30 21:30:32,337:INFO:Creating metrics dataframe
2025-06-30 21:30:32,370:INFO:Initializing Light Gradient Boosting Machine
2025-06-30 21:30:32,377:INFO:Total runtime is 0.6086635033289591 minutes
2025-06-30 21:30:32,377:INFO:SubProcess create_model() called ==================================
2025-06-30 21:30:32,378:INFO:Initializing create_model()
2025-06-30 21:30:32,378:INFO:create_model(self=<pycaret.regression.oop.RegressionExperiment object at 0xfff2c44316d0>, estimator=lightgbm, fold=KFold(n_splits=10, random_state=None, shuffle=False), round=4, cross_validation=True, predict=True, fit_kwargs={}, groups=None, refit=False, probability_threshold=None, experiment_custom_tags=None, verbose=False, system=False, add_to_model_list=True, metrics=None, display=<pycaret.internal.display.display.CommonDisplay object at 0xfff2c399a590>, model_only=True, return_train_score=False, error_score=0.0, kwargs={})
2025-06-30 21:30:32,379:INFO:Checking exceptions
2025-06-30 21:30:32,379:INFO:Importing libraries
2025-06-30 21:30:32,379:INFO:Copying training dataset
2025-06-30 21:30:32,387:INFO:Defining folds
2025-06-30 21:30:32,395:INFO:Declaring metric variables
2025-06-30 21:30:32,395:INFO:Importing untrained model
2025-06-30 21:30:32,398:INFO:Light Gradient Boosting Machine Imported successfully
2025-06-30 21:30:32,399:INFO:Starting cross validation
2025-06-30 21:30:32,403:INFO:Cross validating with KFold(n_splits=10, random_state=None, shuffle=False), n_jobs=-1
2025-06-30 21:30:49,642:INFO:Calculating mean and std
2025-06-30 21:30:49,644:INFO:Creating metrics dataframe
2025-06-30 21:30:49,648:INFO:Uploading results into container
2025-06-30 21:30:49,650:INFO:Uploading model into container now
2025-06-30 21:30:49,651:INFO:_master_model_container: 18
2025-06-30 21:30:49,651:INFO:_display_container: 2
2025-06-30 21:30:49,653:INFO:LGBMRegressor(boosting_type='gbdt', class_weight=None, colsample_bytree=1.0,
              importance_type='split', learning_rate=0.1, max_depth=-1,
              min_child_samples=20, min_child_weight=0.001, min_split_gain=0.0,
              n_estimators=100, n_jobs=-1, num_leaves=31, objective=None,
              random_state=2625, reg_alpha=0.0, reg_lambda=0.0, subsample=1.0,
              subsample_for_bin=200000, subsample_freq=0)
2025-06-30 21:30:49,653:INFO:create_model() successfully completed......................................
2025-06-30 21:30:50,057:INFO:SubProcess create_model() end ==================================
2025-06-30 21:30:50,058:INFO:Creating metrics dataframe
2025-06-30 21:30:50,079:INFO:Initializing CatBoost Regressor
2025-06-30 21:30:50,079:INFO:Total runtime is 0.9037098089853922 minutes
2025-06-30 21:30:50,080:INFO:SubProcess create_model() called ==================================
2025-06-30 21:30:50,081:INFO:Initializing create_model()
2025-06-30 21:30:50,081:INFO:create_model(self=<pycaret.regression.oop.RegressionExperiment object at 0xfff2c44316d0>, estimator=catboost, fold=KFold(n_splits=10, random_state=None, shuffle=False), round=4, cross_validation=True, predict=True, fit_kwargs={}, groups=None, refit=False, probability_threshold=None, experiment_custom_tags=None, verbose=False, system=False, add_to_model_list=True, metrics=None, display=<pycaret.internal.display.display.CommonDisplay object at 0xfff2c399a590>, model_only=True, return_train_score=False, error_score=0.0, kwargs={})
2025-06-30 21:30:50,081:INFO:Checking exceptions
2025-06-30 21:30:50,082:INFO:Importing libraries
2025-06-30 21:30:50,083:INFO:Copying training dataset
2025-06-30 21:30:50,092:INFO:Defining folds
2025-06-30 21:30:50,094:INFO:Declaring metric variables
2025-06-30 21:30:50,095:INFO:Importing untrained model
2025-06-30 21:30:50,096:INFO:CatBoost Regressor Imported successfully
2025-06-30 21:30:50,104:INFO:Starting cross validation
2025-06-30 21:30:50,109:INFO:Cross validating with KFold(n_splits=10, random_state=None, shuffle=False), n_jobs=-1
2025-06-30 21:31:23,715:INFO:Calculating mean and std
2025-06-30 21:31:23,717:INFO:Creating metrics dataframe
2025-06-30 21:31:23,721:INFO:Uploading results into container
2025-06-30 21:31:23,722:INFO:Uploading model into container now
2025-06-30 21:31:23,723:INFO:_master_model_container: 19
2025-06-30 21:31:23,724:INFO:_display_container: 2
2025-06-30 21:31:23,724:INFO:<catboost.core.CatBoostRegressor object at 0xfff2c3b2ae50>
2025-06-30 21:31:23,724:INFO:create_model() successfully completed......................................
2025-06-30 21:31:24,076:INFO:SubProcess create_model() end ==================================
2025-06-30 21:31:24,076:INFO:Creating metrics dataframe
2025-06-30 21:31:24,094:INFO:Initializing Dummy Regressor
2025-06-30 21:31:24,101:INFO:Total runtime is 1.4707402030626933 minutes
2025-06-30 21:31:24,102:INFO:SubProcess create_model() called ==================================
2025-06-30 21:31:24,103:INFO:Initializing create_model()
2025-06-30 21:31:24,103:INFO:create_model(self=<pycaret.regression.oop.RegressionExperiment object at 0xfff2c44316d0>, estimator=dummy, fold=KFold(n_splits=10, random_state=None, shuffle=False), round=4, cross_validation=True, predict=True, fit_kwargs={}, groups=None, refit=False, probability_threshold=None, experiment_custom_tags=None, verbose=False, system=False, add_to_model_list=True, metrics=None, display=<pycaret.internal.display.display.CommonDisplay object at 0xfff2c399a590>, model_only=True, return_train_score=False, error_score=0.0, kwargs={})
2025-06-30 21:31:24,103:INFO:Checking exceptions
2025-06-30 21:31:24,103:INFO:Importing libraries
2025-06-30 21:31:24,104:INFO:Copying training dataset
2025-06-30 21:31:24,112:INFO:Defining folds
2025-06-30 21:31:24,112:INFO:Declaring metric variables
2025-06-30 21:31:24,113:INFO:Importing untrained model
2025-06-30 21:31:24,114:INFO:Dummy Regressor Imported successfully
2025-06-30 21:31:24,114:INFO:Starting cross validation
2025-06-30 21:31:24,118:INFO:Cross validating with KFold(n_splits=10, random_state=None, shuffle=False), n_jobs=-1
2025-06-30 21:31:24,743:INFO:Calculating mean and std
2025-06-30 21:31:24,746:INFO:Creating metrics dataframe
2025-06-30 21:31:24,751:INFO:Uploading results into container
2025-06-30 21:31:24,752:INFO:Uploading model into container now
2025-06-30 21:31:24,753:INFO:_master_model_container: 20
2025-06-30 21:31:24,754:INFO:_display_container: 2
2025-06-30 21:31:24,754:INFO:DummyRegressor(constant=None, quantile=None, strategy='mean')
2025-06-30 21:31:24,754:INFO:create_model() successfully completed......................................
2025-06-30 21:31:25,144:INFO:SubProcess create_model() end ==================================
2025-06-30 21:31:25,155:INFO:Creating metrics dataframe
2025-06-30 21:31:25,184:INFO:Initializing create_model()
2025-06-30 21:31:25,185:INFO:create_model(self=<pycaret.regression.oop.RegressionExperiment object at 0xfff2c44316d0>, estimator=<catboost.core.CatBoostRegressor object at 0xfff2c3b2ae50>, fold=KFold(n_splits=10, random_state=None, shuffle=False), round=4, cross_validation=False, predict=False, fit_kwargs={}, groups=None, refit=True, probability_threshold=None, experiment_custom_tags=None, verbose=False, system=False, add_to_model_list=True, metrics=None, display=None, model_only=True, return_train_score=False, error_score=0.0, kwargs={})
2025-06-30 21:31:25,185:INFO:Checking exceptions
2025-06-30 21:31:25,189:INFO:Importing libraries
2025-06-30 21:31:25,189:INFO:Copying training dataset
2025-06-30 21:31:25,196:INFO:Defining folds
2025-06-30 21:31:25,198:INFO:Declaring metric variables
2025-06-30 21:31:25,200:INFO:Importing untrained model
2025-06-30 21:31:25,200:INFO:Declaring custom model
2025-06-30 21:31:25,201:INFO:CatBoost Regressor Imported successfully
2025-06-30 21:31:25,206:INFO:Cross validation set to False
2025-06-30 21:31:25,207:INFO:Fitting Model
2025-06-30 21:31:27,920:INFO:<catboost.core.CatBoostRegressor object at 0xfff2c39c2650>
2025-06-30 21:31:27,920:INFO:create_model() successfully completed......................................
2025-06-30 21:31:28,354:INFO:_master_model_container: 20
2025-06-30 21:31:28,355:INFO:_display_container: 2
2025-06-30 21:31:28,355:INFO:<catboost.core.CatBoostRegressor object at 0xfff2c39c2650>
2025-06-30 21:31:28,356:INFO:compare_models() successfully completed......................................
2025-06-30 21:33:10,737:INFO:Initializing compare_models()
2025-06-30 21:33:10,750:INFO:compare_models(self=<pycaret.regression.oop.RegressionExperiment object at 0xfff2c44316d0>, include=None, exclude=None, fold=None, round=2, cross_validation=True, sort=R2, n_select=1, budget_time=None, turbo=True, errors=ignore, fit_kwargs=None, groups=None, experiment_custom_tags=None, probability_threshold=None, verbose=True, parallel=None, caller_params={'self': <pycaret.regression.oop.RegressionExperiment object at 0xfff2c44316d0>, 'include': None, 'exclude': None, 'fold': None, 'round': 2, 'cross_validation': True, 'sort': 'R2', 'n_select': 1, 'budget_time': None, 'turbo': True, 'errors': 'ignore', 'fit_kwargs': None, 'groups': None, 'experiment_custom_tags': None, 'engine': None, 'verbose': True, 'parallel': None, '__class__': <class 'pycaret.regression.oop.RegressionExperiment'>})
2025-06-30 21:33:10,753:INFO:Checking exceptions
2025-06-30 21:33:10,757:INFO:Preparing display monitor
2025-06-30 21:33:10,775:INFO:Initializing Linear Regression
2025-06-30 21:33:10,776:INFO:Total runtime is 8.662541707356771e-06 minutes
2025-06-30 21:33:10,776:INFO:SubProcess create_model() called ==================================
2025-06-30 21:33:10,781:INFO:Initializing create_model()
2025-06-30 21:33:10,784:INFO:create_model(self=<pycaret.regression.oop.RegressionExperiment object at 0xfff2c44316d0>, estimator=lr, fold=KFold(n_splits=10, random_state=None, shuffle=False), round=2, cross_validation=True, predict=True, fit_kwargs={}, groups=None, refit=False, probability_threshold=None, experiment_custom_tags=None, verbose=False, system=False, add_to_model_list=True, metrics=None, display=<pycaret.internal.display.display.CommonDisplay object at 0xfff2c3bc2990>, model_only=True, return_train_score=False, error_score=0.0, kwargs={})
2025-06-30 21:33:10,785:INFO:Checking exceptions
2025-06-30 21:33:10,785:INFO:Importing libraries
2025-06-30 21:33:10,786:INFO:Copying training dataset
2025-06-30 21:33:10,800:INFO:Defining folds
2025-06-30 21:33:10,806:INFO:Declaring metric variables
2025-06-30 21:33:10,828:INFO:Importing untrained model
2025-06-30 21:33:10,829:INFO:Linear Regression Imported successfully
2025-06-30 21:33:10,830:INFO:Starting cross validation
2025-06-30 21:33:10,835:INFO:Cross validating with KFold(n_splits=10, random_state=None, shuffle=False), n_jobs=-1
2025-06-30 21:33:12,014:INFO:Calculating mean and std
2025-06-30 21:33:12,023:INFO:Creating metrics dataframe
2025-06-30 21:33:12,027:INFO:Uploading results into container
2025-06-30 21:33:12,028:INFO:Uploading model into container now
2025-06-30 21:33:12,029:INFO:_master_model_container: 21
2025-06-30 21:33:12,030:INFO:_display_container: 3
2025-06-30 21:33:12,030:INFO:LinearRegression(copy_X=True, fit_intercept=True, n_jobs=-1, positive=False)
2025-06-30 21:33:12,031:INFO:create_model() successfully completed......................................
2025-06-30 21:33:12,528:INFO:SubProcess create_model() end ==================================
2025-06-30 21:33:12,575:INFO:Creating metrics dataframe
2025-06-30 21:33:12,599:INFO:Initializing Lasso Regression
2025-06-30 21:33:12,603:INFO:Total runtime is 0.030466866493225095 minutes
2025-06-30 21:33:12,604:INFO:SubProcess create_model() called ==================================
2025-06-30 21:33:12,604:INFO:Initializing create_model()
2025-06-30 21:33:12,605:INFO:create_model(self=<pycaret.regression.oop.RegressionExperiment object at 0xfff2c44316d0>, estimator=lasso, fold=KFold(n_splits=10, random_state=None, shuffle=False), round=2, cross_validation=True, predict=True, fit_kwargs={}, groups=None, refit=False, probability_threshold=None, experiment_custom_tags=None, verbose=False, system=False, add_to_model_list=True, metrics=None, display=<pycaret.internal.display.display.CommonDisplay object at 0xfff2c3bc2990>, model_only=True, return_train_score=False, error_score=0.0, kwargs={})
2025-06-30 21:33:12,605:INFO:Checking exceptions
2025-06-30 21:33:12,605:INFO:Importing libraries
2025-06-30 21:33:12,606:INFO:Copying training dataset
2025-06-30 21:33:12,614:INFO:Defining folds
2025-06-30 21:33:12,614:INFO:Declaring metric variables
2025-06-30 21:33:12,615:INFO:Importing untrained model
2025-06-30 21:33:12,616:INFO:Lasso Regression Imported successfully
2025-06-30 21:33:12,616:INFO:Starting cross validation
2025-06-30 21:33:12,621:INFO:Cross validating with KFold(n_splits=10, random_state=None, shuffle=False), n_jobs=-1
2025-06-30 21:33:12,802:WARNING:/local_disk0/.ephemeral_nfs/envs/pythonEnv-02f36372-3e32-4c8c-ab27-840f37207c59/lib/python3.11/site-packages/sklearn/linear_model/_coordinate_descent.py:678: ConvergenceWarning: Objective did not converge. You might want to increase the number of iterations, check the scale of the features or consider increasing regularisation. Duality gap: 6.660e+10, tolerance: 2.859e+10
  model = cd_fast.enet_coordinate_descent(

2025-06-30 21:33:13,295:INFO:Calculating mean and std
2025-06-30 21:33:13,298:INFO:Creating metrics dataframe
2025-06-30 21:33:13,303:INFO:Uploading results into container
2025-06-30 21:33:13,305:INFO:Uploading model into container now
2025-06-30 21:33:13,306:INFO:_master_model_container: 22
2025-06-30 21:33:13,306:INFO:_display_container: 3
2025-06-30 21:33:13,307:INFO:Lasso(alpha=1.0, copy_X=True, fit_intercept=True, max_iter=1000, positive=False,
      precompute=False, random_state=2625, selection='cyclic', tol=0.0001,
      warm_start=False)
2025-06-30 21:33:13,308:INFO:create_model() successfully completed......................................
2025-06-30 21:33:13,707:INFO:SubProcess create_model() end ==================================
2025-06-30 21:33:13,708:INFO:Creating metrics dataframe
2025-06-30 21:33:13,721:INFO:Initializing Ridge Regression
2025-06-30 21:33:13,721:INFO:Total runtime is 0.04910159905751546 minutes
2025-06-30 21:33:13,727:INFO:SubProcess create_model() called ==================================
2025-06-30 21:33:13,731:INFO:Initializing create_model()
2025-06-30 21:33:13,737:INFO:create_model(self=<pycaret.regression.oop.RegressionExperiment object at 0xfff2c44316d0>, estimator=ridge, fold=KFold(n_splits=10, random_state=None, shuffle=False), round=2, cross_validation=True, predict=True, fit_kwargs={}, groups=None, refit=False, probability_threshold=None, experiment_custom_tags=None, verbose=False, system=False, add_to_model_list=True, metrics=None, display=<pycaret.internal.display.display.CommonDisplay object at 0xfff2c3bc2990>, model_only=True, return_train_score=False, error_score=0.0, kwargs={})
2025-06-30 21:33:13,741:INFO:Checking exceptions
2025-06-30 21:33:13,741:INFO:Importing libraries
2025-06-30 21:33:13,741:INFO:Copying training dataset
2025-06-30 21:33:13,750:INFO:Defining folds
2025-06-30 21:33:13,756:INFO:Declaring metric variables
2025-06-30 21:33:13,757:INFO:Importing untrained model
2025-06-30 21:33:13,758:INFO:Ridge Regression Imported successfully
2025-06-30 21:33:13,759:INFO:Starting cross validation
2025-06-30 21:33:13,764:INFO:Cross validating with KFold(n_splits=10, random_state=None, shuffle=False), n_jobs=-1
2025-06-30 21:33:14,514:INFO:Calculating mean and std
2025-06-30 21:33:14,526:INFO:Creating metrics dataframe
2025-06-30 21:33:14,559:INFO:Uploading results into container
2025-06-30 21:33:14,580:INFO:Uploading model into container now
2025-06-30 21:33:14,582:INFO:_master_model_container: 23
2025-06-30 21:33:14,582:INFO:_display_container: 3
2025-06-30 21:33:14,583:INFO:Ridge(alpha=1.0, copy_X=True, fit_intercept=True, max_iter=None, positive=False,
      random_state=2625, solver='auto', tol=0.0001)
2025-06-30 21:33:14,583:INFO:create_model() successfully completed......................................
2025-06-30 21:33:14,973:INFO:SubProcess create_model() end ==================================
2025-06-30 21:33:14,989:INFO:Creating metrics dataframe
2025-06-30 21:33:15,008:INFO:Initializing Elastic Net
2025-06-30 21:33:15,011:INFO:Total runtime is 0.07060265143712362 minutes
2025-06-30 21:33:15,012:INFO:SubProcess create_model() called ==================================
2025-06-30 21:33:15,013:INFO:Initializing create_model()
2025-06-30 21:33:15,013:INFO:create_model(self=<pycaret.regression.oop.RegressionExperiment object at 0xfff2c44316d0>, estimator=en, fold=KFold(n_splits=10, random_state=None, shuffle=False), round=2, cross_validation=True, predict=True, fit_kwargs={}, groups=None, refit=False, probability_threshold=None, experiment_custom_tags=None, verbose=False, system=False, add_to_model_list=True, metrics=None, display=<pycaret.internal.display.display.CommonDisplay object at 0xfff2c3bc2990>, model_only=True, return_train_score=False, error_score=0.0, kwargs={})
2025-06-30 21:33:15,013:INFO:Checking exceptions
2025-06-30 21:33:15,014:INFO:Importing libraries
2025-06-30 21:33:15,014:INFO:Copying training dataset
2025-06-30 21:33:15,023:INFO:Defining folds
2025-06-30 21:33:15,026:INFO:Declaring metric variables
2025-06-30 21:33:15,026:INFO:Importing untrained model
2025-06-30 21:33:15,027:INFO:Elastic Net Imported successfully
2025-06-30 21:33:15,028:INFO:Starting cross validation
2025-06-30 21:33:15,033:INFO:Cross validating with KFold(n_splits=10, random_state=None, shuffle=False), n_jobs=-1
2025-06-30 21:33:15,769:INFO:Calculating mean and std
2025-06-30 21:33:15,777:INFO:Creating metrics dataframe
2025-06-30 21:33:15,781:INFO:Uploading results into container
2025-06-30 21:33:15,788:INFO:Uploading model into container now
2025-06-30 21:33:15,796:INFO:_master_model_container: 24
2025-06-30 21:33:15,799:INFO:_display_container: 3
2025-06-30 21:33:15,804:INFO:ElasticNet(alpha=1.0, copy_X=True, fit_intercept=True, l1_ratio=0.5,
           max_iter=1000, positive=False, precompute=False, random_state=2625,
           selection='cyclic', tol=0.0001, warm_start=False)
2025-06-30 21:33:15,805:INFO:create_model() successfully completed......................................
2025-06-30 21:33:16,265:INFO:SubProcess create_model() end ==================================
2025-06-30 21:33:16,265:INFO:Creating metrics dataframe
2025-06-30 21:33:16,280:INFO:Initializing Least Angle Regression
2025-06-30 21:33:16,281:INFO:Total runtime is 0.0917579452196757 minutes
2025-06-30 21:33:16,284:INFO:SubProcess create_model() called ==================================
2025-06-30 21:33:16,284:INFO:Initializing create_model()
2025-06-30 21:33:16,285:INFO:create_model(self=<pycaret.regression.oop.RegressionExperiment object at 0xfff2c44316d0>, estimator=lar, fold=KFold(n_splits=10, random_state=None, shuffle=False), round=2, cross_validation=True, predict=True, fit_kwargs={}, groups=None, refit=False, probability_threshold=None, experiment_custom_tags=None, verbose=False, system=False, add_to_model_list=True, metrics=None, display=<pycaret.internal.display.display.CommonDisplay object at 0xfff2c3bc2990>, model_only=True, return_train_score=False, error_score=0.0, kwargs={})
2025-06-30 21:33:16,285:INFO:Checking exceptions
2025-06-30 21:33:16,285:INFO:Importing libraries
2025-06-30 21:33:16,285:INFO:Copying training dataset
2025-06-30 21:33:16,294:INFO:Defining folds
2025-06-30 21:33:16,298:INFO:Declaring metric variables
2025-06-30 21:33:16,300:INFO:Importing untrained model
2025-06-30 21:33:16,301:INFO:Least Angle Regression Imported successfully
2025-06-30 21:33:16,302:INFO:Starting cross validation
2025-06-30 21:33:16,306:INFO:Cross validating with KFold(n_splits=10, random_state=None, shuffle=False), n_jobs=-1
2025-06-30 21:33:16,994:INFO:Calculating mean and std
2025-06-30 21:33:16,996:INFO:Creating metrics dataframe
2025-06-30 21:33:17,001:INFO:Uploading results into container
2025-06-30 21:33:17,002:INFO:Uploading model into container now
2025-06-30 21:33:17,010:INFO:_master_model_container: 25
2025-06-30 21:33:17,016:INFO:_display_container: 3
2025-06-30 21:33:17,020:INFO:Lars(copy_X=True, eps=2.220446049250313e-16, fit_intercept=True, fit_path=True,
     jitter=None, n_nonzero_coefs=500, precompute='auto', random_state=2625,
     verbose=False)
2025-06-30 21:33:17,021:INFO:create_model() successfully completed......................................
2025-06-30 21:33:17,417:INFO:SubProcess create_model() end ==================================
2025-06-30 21:33:17,417:INFO:Creating metrics dataframe
2025-06-30 21:33:17,431:INFO:Initializing Lasso Least Angle Regression
2025-06-30 21:33:17,431:INFO:Total runtime is 0.11093279918034872 minutes
2025-06-30 21:33:17,434:INFO:SubProcess create_model() called ==================================
2025-06-30 21:33:17,441:INFO:Initializing create_model()
2025-06-30 21:33:17,442:INFO:create_model(self=<pycaret.regression.oop.RegressionExperiment object at 0xfff2c44316d0>, estimator=llar, fold=KFold(n_splits=10, random_state=None, shuffle=False), round=2, cross_validation=True, predict=True, fit_kwargs={}, groups=None, refit=False, probability_threshold=None, experiment_custom_tags=None, verbose=False, system=False, add_to_model_list=True, metrics=None, display=<pycaret.internal.display.display.CommonDisplay object at 0xfff2c3bc2990>, model_only=True, return_train_score=False, error_score=0.0, kwargs={})
2025-06-30 21:33:17,443:INFO:Checking exceptions
2025-06-30 21:33:17,443:INFO:Importing libraries
2025-06-30 21:33:17,443:INFO:Copying training dataset
2025-06-30 21:33:17,451:INFO:Defining folds
2025-06-30 21:33:17,455:INFO:Declaring metric variables
2025-06-30 21:33:17,456:INFO:Importing untrained model
2025-06-30 21:33:17,457:INFO:Lasso Least Angle Regression Imported successfully
2025-06-30 21:33:17,458:INFO:Starting cross validation
2025-06-30 21:33:17,462:INFO:Cross validating with KFold(n_splits=10, random_state=None, shuffle=False), n_jobs=-1
2025-06-30 21:33:18,049:INFO:Calculating mean and std
2025-06-30 21:33:18,054:INFO:Creating metrics dataframe
2025-06-30 21:33:18,057:INFO:Uploading results into container
2025-06-30 21:33:18,060:INFO:Uploading model into container now
2025-06-30 21:33:18,062:INFO:_master_model_container: 26
2025-06-30 21:33:18,064:INFO:_display_container: 3
2025-06-30 21:33:18,065:INFO:LassoLars(alpha=1.0, copy_X=True, eps=2.220446049250313e-16, fit_intercept=True,
          fit_path=True, jitter=None, max_iter=500, positive=False,
          precompute='auto', random_state=2625, verbose=False)
2025-06-30 21:33:18,065:INFO:create_model() successfully completed......................................
2025-06-30 21:33:18,439:INFO:SubProcess create_model() end ==================================
2025-06-30 21:33:18,442:INFO:Creating metrics dataframe
2025-06-30 21:33:18,463:INFO:Initializing Orthogonal Matching Pursuit
2025-06-30 21:33:18,463:INFO:Total runtime is 0.1281385620435079 minutes
2025-06-30 21:33:18,464:INFO:SubProcess create_model() called ==================================
2025-06-30 21:33:18,465:INFO:Initializing create_model()
2025-06-30 21:33:18,465:INFO:create_model(self=<pycaret.regression.oop.RegressionExperiment object at 0xfff2c44316d0>, estimator=omp, fold=KFold(n_splits=10, random_state=None, shuffle=False), round=2, cross_validation=True, predict=True, fit_kwargs={}, groups=None, refit=False, probability_threshold=None, experiment_custom_tags=None, verbose=False, system=False, add_to_model_list=True, metrics=None, display=<pycaret.internal.display.display.CommonDisplay object at 0xfff2c3bc2990>, model_only=True, return_train_score=False, error_score=0.0, kwargs={})
2025-06-30 21:33:18,465:INFO:Checking exceptions
2025-06-30 21:33:18,465:INFO:Importing libraries
2025-06-30 21:33:18,466:INFO:Copying training dataset
2025-06-30 21:33:18,473:INFO:Defining folds
2025-06-30 21:33:18,478:INFO:Declaring metric variables
2025-06-30 21:33:18,482:INFO:Importing untrained model
2025-06-30 21:33:18,483:INFO:Orthogonal Matching Pursuit Imported successfully
2025-06-30 21:33:18,484:INFO:Starting cross validation
2025-06-30 21:33:18,488:INFO:Cross validating with KFold(n_splits=10, random_state=None, shuffle=False), n_jobs=-1
2025-06-30 21:33:19,350:INFO:Calculating mean and std
2025-06-30 21:33:19,355:INFO:Creating metrics dataframe
2025-06-30 21:33:19,361:INFO:Uploading results into container
2025-06-30 21:33:19,363:INFO:Uploading model into container now
2025-06-30 21:33:19,364:INFO:_master_model_container: 27
2025-06-30 21:33:19,365:INFO:_display_container: 3
2025-06-30 21:33:19,365:INFO:OrthogonalMatchingPursuit(fit_intercept=True, n_nonzero_coefs=None,
                          precompute='auto', tol=None)
2025-06-30 21:33:19,366:INFO:create_model() successfully completed......................................
2025-06-30 21:33:19,780:INFO:SubProcess create_model() end ==================================
2025-06-30 21:33:19,785:INFO:Creating metrics dataframe
2025-06-30 21:33:19,802:INFO:Initializing Bayesian Ridge
2025-06-30 21:33:19,803:INFO:Total runtime is 0.15046914815902712 minutes
2025-06-30 21:33:19,804:INFO:SubProcess create_model() called ==================================
2025-06-30 21:33:19,805:INFO:Initializing create_model()
2025-06-30 21:33:19,805:INFO:create_model(self=<pycaret.regression.oop.RegressionExperiment object at 0xfff2c44316d0>, estimator=br, fold=KFold(n_splits=10, random_state=None, shuffle=False), round=2, cross_validation=True, predict=True, fit_kwargs={}, groups=None, refit=False, probability_threshold=None, experiment_custom_tags=None, verbose=False, system=False, add_to_model_list=True, metrics=None, display=<pycaret.internal.display.display.CommonDisplay object at 0xfff2c3bc2990>, model_only=True, return_train_score=False, error_score=0.0, kwargs={})
2025-06-30 21:33:19,805:INFO:Checking exceptions
2025-06-30 21:33:19,805:INFO:Importing libraries
2025-06-30 21:33:19,806:INFO:Copying training dataset
2025-06-30 21:33:19,814:INFO:Defining folds
2025-06-30 21:33:19,816:INFO:Declaring metric variables
2025-06-30 21:33:19,817:INFO:Importing untrained model
2025-06-30 21:33:19,818:INFO:Bayesian Ridge Imported successfully
2025-06-30 21:33:19,819:INFO:Starting cross validation
2025-06-30 21:33:19,823:INFO:Cross validating with KFold(n_splits=10, random_state=None, shuffle=False), n_jobs=-1
2025-06-30 21:33:20,415:INFO:Calculating mean and std
2025-06-30 21:33:20,419:INFO:Creating metrics dataframe
2025-06-30 21:33:20,424:INFO:Uploading results into container
2025-06-30 21:33:20,425:INFO:Uploading model into container now
2025-06-30 21:33:20,426:INFO:_master_model_container: 28
2025-06-30 21:33:20,426:INFO:_display_container: 3
2025-06-30 21:33:20,427:INFO:BayesianRidge(alpha_1=1e-06, alpha_2=1e-06, alpha_init=None,
              compute_score=False, copy_X=True, fit_intercept=True,
              lambda_1=1e-06, lambda_2=1e-06, lambda_init=None, max_iter=None,
              n_iter='deprecated', tol=0.001, verbose=False)
2025-06-30 21:33:20,428:INFO:create_model() successfully completed......................................
2025-06-30 21:33:20,849:INFO:SubProcess create_model() end ==================================
2025-06-30 21:33:20,850:INFO:Creating metrics dataframe
2025-06-30 21:33:20,864:INFO:Initializing Passive Aggressive Regressor
2025-06-30 21:33:20,870:INFO:Total runtime is 0.16825389067331953 minutes
2025-06-30 21:33:20,875:INFO:SubProcess create_model() called ==================================
2025-06-30 21:33:20,876:INFO:Initializing create_model()
2025-06-30 21:33:20,876:INFO:create_model(self=<pycaret.regression.oop.RegressionExperiment object at 0xfff2c44316d0>, estimator=par, fold=KFold(n_splits=10, random_state=None, shuffle=False), round=2, cross_validation=True, predict=True, fit_kwargs={}, groups=None, refit=False, probability_threshold=None, experiment_custom_tags=None, verbose=False, system=False, add_to_model_list=True, metrics=None, display=<pycaret.internal.display.display.CommonDisplay object at 0xfff2c3bc2990>, model_only=True, return_train_score=False, error_score=0.0, kwargs={})
2025-06-30 21:33:20,877:INFO:Checking exceptions
2025-06-30 21:33:20,877:INFO:Importing libraries
2025-06-30 21:33:20,877:INFO:Copying training dataset
2025-06-30 21:33:20,885:INFO:Defining folds
2025-06-30 21:33:20,885:INFO:Declaring metric variables
2025-06-30 21:33:20,886:INFO:Importing untrained model
2025-06-30 21:33:20,887:INFO:Passive Aggressive Regressor Imported successfully
2025-06-30 21:33:20,888:INFO:Starting cross validation
2025-06-30 21:33:20,898:INFO:Cross validating with KFold(n_splits=10, random_state=None, shuffle=False), n_jobs=-1
2025-06-30 21:33:21,637:INFO:Calculating mean and std
2025-06-30 21:33:21,639:INFO:Creating metrics dataframe
2025-06-30 21:33:21,642:INFO:Uploading results into container
2025-06-30 21:33:21,644:INFO:Uploading model into container now
2025-06-30 21:33:21,645:INFO:_master_model_container: 29
2025-06-30 21:33:21,645:INFO:_display_container: 3
2025-06-30 21:33:21,646:INFO:PassiveAggressiveRegressor(C=1.0, average=False, early_stopping=False,
                           epsilon=0.1, fit_intercept=True,
                           loss='epsilon_insensitive', max_iter=1000,
                           n_iter_no_change=5, random_state=2625, shuffle=True,
                           tol=0.001, validation_fraction=0.1, verbose=0,
                           warm_start=False)
2025-06-30 21:33:21,646:INFO:create_model() successfully completed......................................
2025-06-30 21:33:22,016:INFO:SubProcess create_model() end ==================================
2025-06-30 21:33:22,017:INFO:Creating metrics dataframe
2025-06-30 21:33:22,032:INFO:Initializing Huber Regressor
2025-06-30 21:33:22,037:INFO:Total runtime is 0.18770185708999637 minutes
2025-06-30 21:33:22,038:INFO:SubProcess create_model() called ==================================
2025-06-30 21:33:22,039:INFO:Initializing create_model()
2025-06-30 21:33:22,039:INFO:create_model(self=<pycaret.regression.oop.RegressionExperiment object at 0xfff2c44316d0>, estimator=huber, fold=KFold(n_splits=10, random_state=None, shuffle=False), round=2, cross_validation=True, predict=True, fit_kwargs={}, groups=None, refit=False, probability_threshold=None, experiment_custom_tags=None, verbose=False, system=False, add_to_model_list=True, metrics=None, display=<pycaret.internal.display.display.CommonDisplay object at 0xfff2c3bc2990>, model_only=True, return_train_score=False, error_score=0.0, kwargs={})
2025-06-30 21:33:22,040:INFO:Checking exceptions
2025-06-30 21:33:22,040:INFO:Importing libraries
2025-06-30 21:33:22,040:INFO:Copying training dataset
2025-06-30 21:33:22,048:INFO:Defining folds
2025-06-30 21:33:22,049:INFO:Declaring metric variables
2025-06-30 21:33:22,051:INFO:Importing untrained model
2025-06-30 21:33:22,052:INFO:Huber Regressor Imported successfully
2025-06-30 21:33:22,053:INFO:Starting cross validation
2025-06-30 21:33:22,057:INFO:Cross validating with KFold(n_splits=10, random_state=None, shuffle=False), n_jobs=-1
2025-06-30 21:33:22,838:INFO:Calculating mean and std
2025-06-30 21:33:22,840:INFO:Creating metrics dataframe
2025-06-30 21:33:22,844:INFO:Uploading results into container
2025-06-30 21:33:22,846:INFO:Uploading model into container now
2025-06-30 21:33:22,851:INFO:_master_model_container: 30
2025-06-30 21:33:22,851:INFO:_display_container: 3
2025-06-30 21:33:22,852:INFO:HuberRegressor(alpha=0.0001, epsilon=1.35, fit_intercept=True, max_iter=100,
               tol=1e-05, warm_start=False)
2025-06-30 21:33:22,852:INFO:create_model() successfully completed......................................
2025-06-30 21:33:23,205:INFO:SubProcess create_model() end ==================================
2025-06-30 21:33:23,205:INFO:Creating metrics dataframe
2025-06-30 21:33:23,222:INFO:Initializing K Neighbors Regressor
2025-06-30 21:33:23,226:INFO:Total runtime is 0.20751928885777796 minutes
2025-06-30 21:33:23,227:INFO:SubProcess create_model() called ==================================
2025-06-30 21:33:23,229:INFO:Initializing create_model()
2025-06-30 21:33:23,230:INFO:create_model(self=<pycaret.regression.oop.RegressionExperiment object at 0xfff2c44316d0>, estimator=knn, fold=KFold(n_splits=10, random_state=None, shuffle=False), round=2, cross_validation=True, predict=True, fit_kwargs={}, groups=None, refit=False, probability_threshold=None, experiment_custom_tags=None, verbose=False, system=False, add_to_model_list=True, metrics=None, display=<pycaret.internal.display.display.CommonDisplay object at 0xfff2c3bc2990>, model_only=True, return_train_score=False, error_score=0.0, kwargs={})
2025-06-30 21:33:23,230:INFO:Checking exceptions
2025-06-30 21:33:23,230:INFO:Importing libraries
2025-06-30 21:33:23,230:INFO:Copying training dataset
2025-06-30 21:33:23,239:INFO:Defining folds
2025-06-30 21:33:23,240:INFO:Declaring metric variables
2025-06-30 21:33:23,241:INFO:Importing untrained model
2025-06-30 21:33:23,241:INFO:K Neighbors Regressor Imported successfully
2025-06-30 21:33:23,242:INFO:Starting cross validation
2025-06-30 21:33:23,247:INFO:Cross validating with KFold(n_splits=10, random_state=None, shuffle=False), n_jobs=-1
2025-06-30 21:33:23,852:INFO:Calculating mean and std
2025-06-30 21:33:23,854:INFO:Creating metrics dataframe
2025-06-30 21:33:23,859:INFO:Uploading results into container
2025-06-30 21:33:23,861:INFO:Uploading model into container now
2025-06-30 21:33:23,862:INFO:_master_model_container: 31
2025-06-30 21:33:23,863:INFO:_display_container: 3
2025-06-30 21:33:23,863:INFO:KNeighborsRegressor(algorithm='auto', leaf_size=30, metric='minkowski',
                    metric_params=None, n_jobs=-1, n_neighbors=5, p=2,
                    weights='uniform')
2025-06-30 21:33:23,864:INFO:create_model() successfully completed......................................
2025-06-30 21:33:24,216:INFO:SubProcess create_model() end ==================================
2025-06-30 21:33:24,218:INFO:Creating metrics dataframe
2025-06-30 21:33:24,234:INFO:Initializing Decision Tree Regressor
2025-06-30 21:33:24,235:INFO:Total runtime is 0.224332877000173 minutes
2025-06-30 21:33:24,240:INFO:SubProcess create_model() called ==================================
2025-06-30 21:33:24,241:INFO:Initializing create_model()
2025-06-30 21:33:24,241:INFO:create_model(self=<pycaret.regression.oop.RegressionExperiment object at 0xfff2c44316d0>, estimator=dt, fold=KFold(n_splits=10, random_state=None, shuffle=False), round=2, cross_validation=True, predict=True, fit_kwargs={}, groups=None, refit=False, probability_threshold=None, experiment_custom_tags=None, verbose=False, system=False, add_to_model_list=True, metrics=None, display=<pycaret.internal.display.display.CommonDisplay object at 0xfff2c3bc2990>, model_only=True, return_train_score=False, error_score=0.0, kwargs={})
2025-06-30 21:33:24,241:INFO:Checking exceptions
2025-06-30 21:33:24,241:INFO:Importing libraries
2025-06-30 21:33:24,242:INFO:Copying training dataset
2025-06-30 21:33:24,253:INFO:Defining folds
2025-06-30 21:33:24,254:INFO:Declaring metric variables
2025-06-30 21:33:24,255:INFO:Importing untrained model
2025-06-30 21:33:24,256:INFO:Decision Tree Regressor Imported successfully
2025-06-30 21:33:24,257:INFO:Starting cross validation
2025-06-30 21:33:24,261:INFO:Cross validating with KFold(n_splits=10, random_state=None, shuffle=False), n_jobs=-1
2025-06-30 21:33:24,959:INFO:Calculating mean and std
2025-06-30 21:33:24,966:INFO:Creating metrics dataframe
2025-06-30 21:33:24,974:INFO:Uploading results into container
2025-06-30 21:33:24,988:INFO:Uploading model into container now
2025-06-30 21:33:24,989:INFO:_master_model_container: 32
2025-06-30 21:33:24,990:INFO:_display_container: 3
2025-06-30 21:33:24,991:INFO:DecisionTreeRegressor(ccp_alpha=0.0, criterion='squared_error', max_depth=None,
                      max_features=None, max_leaf_nodes=None,
                      min_impurity_decrease=0.0, min_samples_leaf=1,
                      min_samples_split=2, min_weight_fraction_leaf=0.0,
                      monotonic_cst=None, random_state=2625, splitter='best')
2025-06-30 21:33:24,991:INFO:create_model() successfully completed......................................
2025-06-30 21:33:25,422:INFO:SubProcess create_model() end ==================================
2025-06-30 21:33:25,423:INFO:Creating metrics dataframe
2025-06-30 21:33:25,440:INFO:Initializing Random Forest Regressor
2025-06-30 21:33:25,440:INFO:Total runtime is 0.24442051649093632 minutes
2025-06-30 21:33:25,441:INFO:SubProcess create_model() called ==================================
2025-06-30 21:33:25,442:INFO:Initializing create_model()
2025-06-30 21:33:25,442:INFO:create_model(self=<pycaret.regression.oop.RegressionExperiment object at 0xfff2c44316d0>, estimator=rf, fold=KFold(n_splits=10, random_state=None, shuffle=False), round=2, cross_validation=True, predict=True, fit_kwargs={}, groups=None, refit=False, probability_threshold=None, experiment_custom_tags=None, verbose=False, system=False, add_to_model_list=True, metrics=None, display=<pycaret.internal.display.display.CommonDisplay object at 0xfff2c3bc2990>, model_only=True, return_train_score=False, error_score=0.0, kwargs={})
2025-06-30 21:33:25,442:INFO:Checking exceptions
2025-06-30 21:33:25,442:INFO:Importing libraries
2025-06-30 21:33:25,442:INFO:Copying training dataset
2025-06-30 21:33:25,450:INFO:Defining folds
2025-06-30 21:33:25,451:INFO:Declaring metric variables
2025-06-30 21:33:25,451:INFO:Importing untrained model
2025-06-30 21:33:25,452:INFO:Random Forest Regressor Imported successfully
2025-06-30 21:33:25,453:INFO:Starting cross validation
2025-06-30 21:33:25,457:INFO:Cross validating with KFold(n_splits=10, random_state=None, shuffle=False), n_jobs=-1
2025-06-30 21:33:28,858:INFO:Calculating mean and std
2025-06-30 21:33:28,861:INFO:Creating metrics dataframe
2025-06-30 21:33:28,868:INFO:Uploading results into container
2025-06-30 21:33:28,869:INFO:Uploading model into container now
2025-06-30 21:33:28,873:INFO:_master_model_container: 33
2025-06-30 21:33:28,876:INFO:_display_container: 3
2025-06-30 21:33:28,878:INFO:RandomForestRegressor(bootstrap=True, ccp_alpha=0.0, criterion='squared_error',
                      max_depth=None, max_features=1.0, max_leaf_nodes=None,
                      max_samples=None, min_impurity_decrease=0.0,
                      min_samples_leaf=1, min_samples_split=2,
                      min_weight_fraction_leaf=0.0, monotonic_cst=None,
                      n_estimators=100, n_jobs=-1, oob_score=False,
                      random_state=2625, verbose=0, warm_start=False)
2025-06-30 21:33:28,879:INFO:create_model() successfully completed......................................
2025-06-30 21:33:29,268:INFO:SubProcess create_model() end ==================================
2025-06-30 21:33:29,271:INFO:Creating metrics dataframe
2025-06-30 21:33:29,295:INFO:Initializing Extra Trees Regressor
2025-06-30 21:33:29,296:INFO:Total runtime is 0.3086833039919536 minutes
2025-06-30 21:33:29,298:INFO:SubProcess create_model() called ==================================
2025-06-30 21:33:29,299:INFO:Initializing create_model()
2025-06-30 21:33:29,299:INFO:create_model(self=<pycaret.regression.oop.RegressionExperiment object at 0xfff2c44316d0>, estimator=et, fold=KFold(n_splits=10, random_state=None, shuffle=False), round=2, cross_validation=True, predict=True, fit_kwargs={}, groups=None, refit=False, probability_threshold=None, experiment_custom_tags=None, verbose=False, system=False, add_to_model_list=True, metrics=None, display=<pycaret.internal.display.display.CommonDisplay object at 0xfff2c3bc2990>, model_only=True, return_train_score=False, error_score=0.0, kwargs={})
2025-06-30 21:33:29,303:INFO:Checking exceptions
2025-06-30 21:33:29,304:INFO:Importing libraries
2025-06-30 21:33:29,304:INFO:Copying training dataset
2025-06-30 21:33:29,313:INFO:Defining folds
2025-06-30 21:33:29,318:INFO:Declaring metric variables
2025-06-30 21:33:29,321:INFO:Importing untrained model
2025-06-30 21:33:29,324:INFO:Extra Trees Regressor Imported successfully
2025-06-30 21:33:29,331:INFO:Starting cross validation
2025-06-30 21:33:29,340:INFO:Cross validating with KFold(n_splits=10, random_state=None, shuffle=False), n_jobs=-1
2025-06-30 21:33:31,705:INFO:Calculating mean and std
2025-06-30 21:33:31,710:INFO:Creating metrics dataframe
2025-06-30 21:33:31,761:INFO:Uploading results into container
2025-06-30 21:33:31,763:INFO:Uploading model into container now
2025-06-30 21:33:31,764:INFO:_master_model_container: 34
2025-06-30 21:33:31,765:INFO:_display_container: 3
2025-06-30 21:33:31,766:INFO:ExtraTreesRegressor(bootstrap=False, ccp_alpha=0.0, criterion='squared_error',
                    max_depth=None, max_features=1.0, max_leaf_nodes=None,
                    max_samples=None, min_impurity_decrease=0.0,
                    min_samples_leaf=1, min_samples_split=2,
                    min_weight_fraction_leaf=0.0, monotonic_cst=None,
                    n_estimators=100, n_jobs=-1, oob_score=False,
                    random_state=2625, verbose=0, warm_start=False)
2025-06-30 21:33:31,768:INFO:create_model() successfully completed......................................
2025-06-30 21:33:32,148:INFO:SubProcess create_model() end ==================================
2025-06-30 21:33:32,153:INFO:Creating metrics dataframe
2025-06-30 21:33:32,173:INFO:Initializing AdaBoost Regressor
2025-06-30 21:33:32,182:INFO:Total runtime is 0.35678241650263476 minutes
2025-06-30 21:33:32,191:INFO:SubProcess create_model() called ==================================
2025-06-30 21:33:32,196:INFO:Initializing create_model()
2025-06-30 21:33:32,199:INFO:create_model(self=<pycaret.regression.oop.RegressionExperiment object at 0xfff2c44316d0>, estimator=ada, fold=KFold(n_splits=10, random_state=None, shuffle=False), round=2, cross_validation=True, predict=True, fit_kwargs={}, groups=None, refit=False, probability_threshold=None, experiment_custom_tags=None, verbose=False, system=False, add_to_model_list=True, metrics=None, display=<pycaret.internal.display.display.CommonDisplay object at 0xfff2c3bc2990>, model_only=True, return_train_score=False, error_score=0.0, kwargs={})
2025-06-30 21:33:32,200:INFO:Checking exceptions
2025-06-30 21:33:32,200:INFO:Importing libraries
2025-06-30 21:33:32,201:INFO:Copying training dataset
2025-06-30 21:33:32,209:INFO:Defining folds
2025-06-30 21:33:32,225:INFO:Declaring metric variables
2025-06-30 21:33:32,229:INFO:Importing untrained model
2025-06-30 21:33:32,235:INFO:AdaBoost Regressor Imported successfully
2025-06-30 21:33:32,257:INFO:Starting cross validation
2025-06-30 21:33:32,262:INFO:Cross validating with KFold(n_splits=10, random_state=None, shuffle=False), n_jobs=-1
2025-06-30 21:33:33,756:INFO:Calculating mean and std
2025-06-30 21:33:33,761:INFO:Creating metrics dataframe
2025-06-30 21:33:33,766:INFO:Uploading results into container
2025-06-30 21:33:33,770:INFO:Uploading model into container now
2025-06-30 21:33:33,779:INFO:_master_model_container: 35
2025-06-30 21:33:33,783:INFO:_display_container: 3
2025-06-30 21:33:33,785:INFO:AdaBoostRegressor(estimator=None, learning_rate=1.0, loss='linear',
                  n_estimators=50, random_state=2625)
2025-06-30 21:33:33,786:INFO:create_model() successfully completed......................................
2025-06-30 21:33:34,160:INFO:SubProcess create_model() end ==================================
2025-06-30 21:33:34,164:INFO:Creating metrics dataframe
2025-06-30 21:33:34,197:INFO:Initializing Gradient Boosting Regressor
2025-06-30 21:33:34,197:INFO:Total runtime is 0.3903706987698874 minutes
2025-06-30 21:33:34,198:INFO:SubProcess create_model() called ==================================
2025-06-30 21:33:34,201:INFO:Initializing create_model()
2025-06-30 21:33:34,201:INFO:create_model(self=<pycaret.regression.oop.RegressionExperiment object at 0xfff2c44316d0>, estimator=gbr, fold=KFold(n_splits=10, random_state=None, shuffle=False), round=2, cross_validation=True, predict=True, fit_kwargs={}, groups=None, refit=False, probability_threshold=None, experiment_custom_tags=None, verbose=False, system=False, add_to_model_list=True, metrics=None, display=<pycaret.internal.display.display.CommonDisplay object at 0xfff2c3bc2990>, model_only=True, return_train_score=False, error_score=0.0, kwargs={})
2025-06-30 21:33:34,201:INFO:Checking exceptions
2025-06-30 21:33:34,202:INFO:Importing libraries
2025-06-30 21:33:34,202:INFO:Copying training dataset
2025-06-30 21:33:34,211:INFO:Defining folds
2025-06-30 21:33:34,219:INFO:Declaring metric variables
2025-06-30 21:33:34,219:INFO:Importing untrained model
2025-06-30 21:33:34,221:INFO:Gradient Boosting Regressor Imported successfully
2025-06-30 21:33:34,222:INFO:Starting cross validation
2025-06-30 21:33:34,226:INFO:Cross validating with KFold(n_splits=10, random_state=None, shuffle=False), n_jobs=-1
2025-06-30 21:33:35,861:INFO:Calculating mean and std
2025-06-30 21:33:35,864:INFO:Creating metrics dataframe
2025-06-30 21:33:35,871:INFO:Uploading results into container
2025-06-30 21:33:35,885:INFO:Uploading model into container now
2025-06-30 21:33:35,886:INFO:_master_model_container: 36
2025-06-30 21:33:35,886:INFO:_display_container: 3
2025-06-30 21:33:35,891:INFO:GradientBoostingRegressor(alpha=0.9, ccp_alpha=0.0, criterion='friedman_mse',
                          init=None, learning_rate=0.1, loss='squared_error',
                          max_depth=3, max_features=None, max_leaf_nodes=None,
                          min_impurity_decrease=0.0, min_samples_leaf=1,
                          min_samples_split=2, min_weight_fraction_leaf=0.0,
                          n_estimators=100, n_iter_no_change=None,
                          random_state=2625, subsample=1.0, tol=0.0001,
                          validation_fraction=0.1, verbose=0, warm_start=False)
2025-06-30 21:33:35,892:INFO:create_model() successfully completed......................................
2025-06-30 21:33:36,291:INFO:SubProcess create_model() end ==================================
2025-06-30 21:33:36,291:INFO:Creating metrics dataframe
2025-06-30 21:33:36,316:INFO:Initializing Extreme Gradient Boosting
2025-06-30 21:33:36,317:INFO:Total runtime is 0.42569045225779223 minutes
2025-06-30 21:33:36,317:INFO:SubProcess create_model() called ==================================
2025-06-30 21:33:36,318:INFO:Initializing create_model()
2025-06-30 21:33:36,328:INFO:create_model(self=<pycaret.regression.oop.RegressionExperiment object at 0xfff2c44316d0>, estimator=xgboost, fold=KFold(n_splits=10, random_state=None, shuffle=False), round=2, cross_validation=True, predict=True, fit_kwargs={}, groups=None, refit=False, probability_threshold=None, experiment_custom_tags=None, verbose=False, system=False, add_to_model_list=True, metrics=None, display=<pycaret.internal.display.display.CommonDisplay object at 0xfff2c3bc2990>, model_only=True, return_train_score=False, error_score=0.0, kwargs={})
2025-06-30 21:33:36,328:INFO:Checking exceptions
2025-06-30 21:33:36,328:INFO:Importing libraries
2025-06-30 21:33:36,328:INFO:Copying training dataset
2025-06-30 21:33:36,337:INFO:Defining folds
2025-06-30 21:33:36,338:INFO:Declaring metric variables
2025-06-30 21:33:36,342:INFO:Importing untrained model
2025-06-30 21:33:36,345:INFO:Extreme Gradient Boosting Imported successfully
2025-06-30 21:33:36,345:INFO:Starting cross validation
2025-06-30 21:33:36,351:INFO:Cross validating with KFold(n_splits=10, random_state=None, shuffle=False), n_jobs=-1
2025-06-30 21:33:37,563:INFO:Calculating mean and std
2025-06-30 21:33:37,570:INFO:Creating metrics dataframe
2025-06-30 21:33:37,582:INFO:Uploading results into container
2025-06-30 21:33:37,584:INFO:Uploading model into container now
2025-06-30 21:33:37,585:INFO:_master_model_container: 37
2025-06-30 21:33:37,586:INFO:_display_container: 3
2025-06-30 21:33:37,590:INFO:XGBRegressor(base_score=None, booster='gbtree', callbacks=None,
             colsample_bylevel=None, colsample_bynode=None,
             colsample_bytree=None, device='cpu', early_stopping_rounds=None,
             enable_categorical=False, eval_metric=None, feature_types=None,
             feature_weights=None, gamma=None, grow_policy=None,
             importance_type=None, interaction_constraints=None,
             learning_rate=None, max_bin=None, max_cat_threshold=None,
             max_cat_to_onehot=None, max_delta_step=None, max_depth=None,
             max_leaves=None, min_child_weight=None, missing=nan,
             monotone_constraints=None, multi_strategy=None, n_estimators=None,
             n_jobs=-1, num_parallel_tree=None, ...)
2025-06-30 21:33:37,590:INFO:create_model() successfully completed......................................
2025-06-30 21:33:38,001:INFO:SubProcess create_model() end ==================================
2025-06-30 21:33:38,002:INFO:Creating metrics dataframe
2025-06-30 21:33:38,023:INFO:Initializing Light Gradient Boosting Machine
2025-06-30 21:33:38,031:INFO:Total runtime is 0.4542586008707683 minutes
2025-06-30 21:33:38,035:INFO:SubProcess create_model() called ==================================
2025-06-30 21:33:38,036:INFO:Initializing create_model()
2025-06-30 21:33:38,036:INFO:create_model(self=<pycaret.regression.oop.RegressionExperiment object at 0xfff2c44316d0>, estimator=lightgbm, fold=KFold(n_splits=10, random_state=None, shuffle=False), round=2, cross_validation=True, predict=True, fit_kwargs={}, groups=None, refit=False, probability_threshold=None, experiment_custom_tags=None, verbose=False, system=False, add_to_model_list=True, metrics=None, display=<pycaret.internal.display.display.CommonDisplay object at 0xfff2c3bc2990>, model_only=True, return_train_score=False, error_score=0.0, kwargs={})
2025-06-30 21:33:38,037:INFO:Checking exceptions
2025-06-30 21:33:38,037:INFO:Importing libraries
2025-06-30 21:33:38,037:INFO:Copying training dataset
2025-06-30 21:33:38,045:INFO:Defining folds
2025-06-30 21:33:38,046:INFO:Declaring metric variables
2025-06-30 21:33:38,046:INFO:Importing untrained model
2025-06-30 21:33:38,048:INFO:Light Gradient Boosting Machine Imported successfully
2025-06-30 21:33:38,056:INFO:Starting cross validation
2025-06-30 21:33:38,060:INFO:Cross validating with KFold(n_splits=10, random_state=None, shuffle=False), n_jobs=-1
2025-06-30 21:33:53,148:INFO:Calculating mean and std
2025-06-30 21:33:53,150:INFO:Creating metrics dataframe
2025-06-30 21:33:53,155:INFO:Uploading results into container
2025-06-30 21:33:53,159:INFO:Uploading model into container now
2025-06-30 21:33:53,161:INFO:_master_model_container: 38
2025-06-30 21:33:53,162:INFO:_display_container: 3
2025-06-30 21:33:53,164:INFO:LGBMRegressor(boosting_type='gbdt', class_weight=None, colsample_bytree=1.0,
              importance_type='split', learning_rate=0.1, max_depth=-1,
              min_child_samples=20, min_child_weight=0.001, min_split_gain=0.0,
              n_estimators=100, n_jobs=-1, num_leaves=31, objective=None,
              random_state=2625, reg_alpha=0.0, reg_lambda=0.0, subsample=1.0,
              subsample_for_bin=200000, subsample_freq=0)
2025-06-30 21:33:53,164:INFO:create_model() successfully completed......................................
2025-06-30 21:33:53,538:INFO:SubProcess create_model() end ==================================
2025-06-30 21:33:53,539:INFO:Creating metrics dataframe
2025-06-30 21:33:53,563:INFO:Initializing CatBoost Regressor
2025-06-30 21:33:53,563:INFO:Total runtime is 0.7131351192792257 minutes
2025-06-30 21:33:53,564:INFO:SubProcess create_model() called ==================================
2025-06-30 21:33:53,564:INFO:Initializing create_model()
2025-06-30 21:33:53,565:INFO:create_model(self=<pycaret.regression.oop.RegressionExperiment object at 0xfff2c44316d0>, estimator=catboost, fold=KFold(n_splits=10, random_state=None, shuffle=False), round=2, cross_validation=True, predict=True, fit_kwargs={}, groups=None, refit=False, probability_threshold=None, experiment_custom_tags=None, verbose=False, system=False, add_to_model_list=True, metrics=None, display=<pycaret.internal.display.display.CommonDisplay object at 0xfff2c3bc2990>, model_only=True, return_train_score=False, error_score=0.0, kwargs={})
2025-06-30 21:33:53,565:INFO:Checking exceptions
2025-06-30 21:33:53,565:INFO:Importing libraries
2025-06-30 21:33:53,565:INFO:Copying training dataset
2025-06-30 21:33:53,573:INFO:Defining folds
2025-06-30 21:33:53,573:INFO:Declaring metric variables
2025-06-30 21:33:53,574:INFO:Importing untrained model
2025-06-30 21:33:53,576:INFO:CatBoost Regressor Imported successfully
2025-06-30 21:33:53,576:INFO:Starting cross validation
2025-06-30 21:33:53,580:INFO:Cross validating with KFold(n_splits=10, random_state=None, shuffle=False), n_jobs=-1
2025-06-30 21:34:26,212:INFO:Calculating mean and std
2025-06-30 21:34:26,217:INFO:Creating metrics dataframe
2025-06-30 21:34:26,221:INFO:Uploading results into container
2025-06-30 21:34:26,222:INFO:Uploading model into container now
2025-06-30 21:34:26,223:INFO:_master_model_container: 39
2025-06-30 21:34:26,223:INFO:_display_container: 3
2025-06-30 21:34:26,224:INFO:<catboost.core.CatBoostRegressor object at 0xfff2c3cc6010>
2025-06-30 21:34:26,224:INFO:create_model() successfully completed......................................
2025-06-30 21:34:26,605:INFO:SubProcess create_model() end ==================================
2025-06-30 21:34:26,605:INFO:Creating metrics dataframe
2025-06-30 21:34:26,638:INFO:Initializing Dummy Regressor
2025-06-30 21:34:26,643:INFO:Total runtime is 1.2644674380620322 minutes
2025-06-30 21:34:26,644:INFO:SubProcess create_model() called ==================================
2025-06-30 21:34:26,644:INFO:Initializing create_model()
2025-06-30 21:34:26,645:INFO:create_model(self=<pycaret.regression.oop.RegressionExperiment object at 0xfff2c44316d0>, estimator=dummy, fold=KFold(n_splits=10, random_state=None, shuffle=False), round=2, cross_validation=True, predict=True, fit_kwargs={}, groups=None, refit=False, probability_threshold=None, experiment_custom_tags=None, verbose=False, system=False, add_to_model_list=True, metrics=None, display=<pycaret.internal.display.display.CommonDisplay object at 0xfff2c3bc2990>, model_only=True, return_train_score=False, error_score=0.0, kwargs={})
2025-06-30 21:34:26,645:INFO:Checking exceptions
2025-06-30 21:34:26,645:INFO:Importing libraries
2025-06-30 21:34:26,645:INFO:Copying training dataset
2025-06-30 21:34:26,660:INFO:Defining folds
2025-06-30 21:34:26,661:INFO:Declaring metric variables
2025-06-30 21:34:26,662:INFO:Importing untrained model
2025-06-30 21:34:26,662:INFO:Dummy Regressor Imported successfully
2025-06-30 21:34:26,663:INFO:Starting cross validation
2025-06-30 21:34:26,667:INFO:Cross validating with KFold(n_splits=10, random_state=None, shuffle=False), n_jobs=-1
2025-06-30 21:34:27,253:INFO:Calculating mean and std
2025-06-30 21:34:27,260:INFO:Creating metrics dataframe
2025-06-30 21:34:27,279:INFO:Uploading results into container
2025-06-30 21:34:27,293:INFO:Uploading model into container now
2025-06-30 21:34:27,297:INFO:_master_model_container: 40
2025-06-30 21:34:27,298:INFO:_display_container: 3
2025-06-30 21:34:27,298:INFO:DummyRegressor(constant=None, quantile=None, strategy='mean')
2025-06-30 21:34:27,299:INFO:create_model() successfully completed......................................
2025-06-30 21:34:27,711:INFO:SubProcess create_model() end ==================================
2025-06-30 21:34:27,712:INFO:Creating metrics dataframe
2025-06-30 21:34:27,739:INFO:Initializing create_model()
2025-06-30 21:34:27,739:INFO:create_model(self=<pycaret.regression.oop.RegressionExperiment object at 0xfff2c44316d0>, estimator=<catboost.core.CatBoostRegressor object at 0xfff2c3cc6010>, fold=KFold(n_splits=10, random_state=None, shuffle=False), round=2, cross_validation=False, predict=False, fit_kwargs={}, groups=None, refit=True, probability_threshold=None, experiment_custom_tags=None, verbose=False, system=False, add_to_model_list=True, metrics=None, display=None, model_only=True, return_train_score=False, error_score=0.0, kwargs={})
2025-06-30 21:34:27,740:INFO:Checking exceptions
2025-06-30 21:34:27,742:INFO:Importing libraries
2025-06-30 21:34:27,743:INFO:Copying training dataset
2025-06-30 21:34:27,749:INFO:Defining folds
2025-06-30 21:34:27,750:INFO:Declaring metric variables
2025-06-30 21:34:27,750:INFO:Importing untrained model
2025-06-30 21:34:27,750:INFO:Declaring custom model
2025-06-30 21:34:27,751:INFO:CatBoost Regressor Imported successfully
2025-06-30 21:34:27,755:INFO:Cross validation set to False
2025-06-30 21:34:27,755:INFO:Fitting Model
2025-06-30 21:34:30,453:INFO:<catboost.core.CatBoostRegressor object at 0xfff2c411b050>
2025-06-30 21:34:30,453:INFO:create_model() successfully completed......................................
2025-06-30 21:34:30,847:INFO:_master_model_container: 40
2025-06-30 21:34:30,848:INFO:_display_container: 3
2025-06-30 21:34:30,849:INFO:<catboost.core.CatBoostRegressor object at 0xfff2c411b050>
2025-06-30 21:34:30,849:INFO:compare_models() successfully completed......................................
2025-06-30 21:38:54,597:INFO:Initializing plot_model()
2025-06-30 21:38:54,598:INFO:plot_model(self=<pycaret.regression.oop.RegressionExperiment object at 0xfff2c44316d0>, estimator=<catboost.core.CatBoostRegressor object at 0xfff2c411b050>, plot=residuals, scale=1, save=False, fold=None, fit_kwargs=None, plot_kwargs=None, groups=None, feature_name=None, label=False, verbose=True, system=True, display=None, display_format=None)
2025-06-30 21:38:54,598:INFO:Checking exceptions
2025-06-30 21:38:54,604:INFO:Preloading libraries
2025-06-30 21:38:54,606:INFO:Copying training dataset
2025-06-30 21:38:54,606:INFO:Plot type: residuals
2025-06-30 21:38:56,458:INFO:Fitting Model
2025-06-30 21:38:56,592:INFO:Scoring test/hold-out set
2025-06-30 21:38:56,739:WARNING:WARNING:matplotlib.font_manager:findfont: Generic family 'sans-serif' not found because none of the following families were found: Arial, Liberation Sans, Bitstream Vera Sans, sans-serif
2025-06-30 21:38:56,749:WARNING:WARNING:matplotlib.font_manager:findfont: Generic family 'sans-serif' not found because none of the following families were found: Arial, Liberation Sans, Bitstream Vera Sans, sans-serif
2025-06-30 21:38:56,751:WARNING:WARNING:matplotlib.font_manager:findfont: Generic family 'sans-serif' not found because none of the following families were found: Arial, Liberation Sans, Bitstream Vera Sans, sans-serif
2025-06-30 21:38:56,752:WARNING:WARNING:matplotlib.font_manager:findfont: Generic family 'sans-serif' not found because none of the following families were found: Arial, Liberation Sans, Bitstream Vera Sans, sans-serif
2025-06-30 21:38:56,753:WARNING:WARNING:matplotlib.font_manager:findfont: Generic family 'sans-serif' not found because none of the following families were found: Arial, Liberation Sans, Bitstream Vera Sans, sans-serif
2025-06-30 21:38:56,754:WARNING:WARNING:matplotlib.font_manager:findfont: Generic family 'sans-serif' not found because none of the following families were found: Arial, Liberation Sans, Bitstream Vera Sans, sans-serif
2025-06-30 21:38:56,760:WARNING:WARNING:matplotlib.font_manager:findfont: Generic family 'sans-serif' not found because none of the following families were found: Arial, Liberation Sans, Bitstream Vera Sans, sans-serif
2025-06-30 21:38:56,763:WARNING:WARNING:matplotlib.font_manager:findfont: Generic family 'sans-serif' not found because none of the following families were found: Arial, Liberation Sans, Bitstream Vera Sans, sans-serif
2025-06-30 21:38:56,764:WARNING:WARNING:matplotlib.font_manager:findfont: Generic family 'sans-serif' not found because none of the following families were found: Arial, Liberation Sans, Bitstream Vera Sans, sans-serif
2025-06-30 21:38:56,766:WARNING:WARNING:matplotlib.font_manager:findfont: Generic family 'sans-serif' not found because none of the following families were found: Arial, Liberation Sans, Bitstream Vera Sans, sans-serif
2025-06-30 21:38:56,768:WARNING:WARNING:matplotlib.font_manager:findfont: Generic family 'sans-serif' not found because none of the following families were found: Arial, Liberation Sans, Bitstream Vera Sans, sans-serif
2025-06-30 21:38:56,790:WARNING:WARNING:matplotlib.font_manager:findfont: Generic family 'sans-serif' not found because none of the following families were found: Arial, Liberation Sans, Bitstream Vera Sans, sans-serif
2025-06-30 21:38:56,792:WARNING:WARNING:matplotlib.font_manager:findfont: Generic family 'sans-serif' not found because none of the following families were found: Arial, Liberation Sans, Bitstream Vera Sans, sans-serif
2025-06-30 21:38:56,793:WARNING:WARNING:matplotlib.font_manager:findfont: Generic family 'sans-serif' not found because none of the following families were found: Arial, Liberation Sans, Bitstream Vera Sans, sans-serif
2025-06-30 21:38:56,793:WARNING:WARNING:matplotlib.font_manager:findfont: Generic family 'sans-serif' not found because none of the following families were found: Arial, Liberation Sans, Bitstream Vera Sans, sans-serif
2025-06-30 21:38:56,795:WARNING:WARNING:matplotlib.font_manager:findfont: Generic family 'sans-serif' not found because none of the following families were found: Arial, Liberation Sans, Bitstream Vera Sans, sans-serif
2025-06-30 21:38:56,796:WARNING:WARNING:matplotlib.font_manager:findfont: Generic family 'sans-serif' not found because none of the following families were found: Arial, Liberation Sans, Bitstream Vera Sans, sans-serif
2025-06-30 21:38:56,808:WARNING:WARNING:matplotlib.font_manager:findfont: Generic family 'sans-serif' not found because none of the following families were found: Arial, Liberation Sans, Bitstream Vera Sans, sans-serif
2025-06-30 21:38:56,832:WARNING:WARNING:matplotlib.font_manager:findfont: Generic family 'sans-serif' not found because none of the following families were found: Arial, Liberation Sans, Bitstream Vera Sans, sans-serif
2025-06-30 21:38:56,835:WARNING:WARNING:matplotlib.font_manager:findfont: Font family ['sans-serif'] not found. Falling back to DejaVu Sans.
2025-06-30 21:38:56,835:WARNING:WARNING:matplotlib.font_manager:findfont: Generic family 'sans-serif' not found because none of the following families were found: Arial, Liberation Sans, Bitstream Vera Sans, sans-serif
2025-06-30 21:38:56,956:WARNING:WARNING:matplotlib.font_manager:findfont: Generic family 'sans-serif' not found because none of the following families were found: Arial, Liberation Sans, Bitstream Vera Sans, sans-serif
2025-06-30 21:38:56,971:WARNING:WARNING:matplotlib.font_manager:findfont: Generic family 'sans-serif' not found because none of the following families were found: Arial, Liberation Sans, Bitstream Vera Sans, sans-serif
2025-06-30 21:38:56,972:WARNING:WARNING:matplotlib.font_manager:findfont: Generic family 'sans-serif' not found because none of the following families were found: Arial, Liberation Sans, Bitstream Vera Sans, sans-serif
2025-06-30 21:38:56,975:WARNING:WARNING:matplotlib.font_manager:findfont: Generic family 'sans-serif' not found because none of the following families were found: Arial, Liberation Sans, Bitstream Vera Sans, sans-serif
2025-06-30 21:38:56,976:WARNING:WARNING:matplotlib.font_manager:findfont: Generic family 'sans-serif' not found because none of the following families were found: Arial, Liberation Sans, Bitstream Vera Sans, sans-serif
2025-06-30 21:38:56,977:WARNING:WARNING:matplotlib.font_manager:findfont: Generic family 'sans-serif' not found because none of the following families were found: Arial, Liberation Sans, Bitstream Vera Sans, sans-serif
2025-06-30 21:38:56,978:WARNING:WARNING:matplotlib.font_manager:findfont: Generic family 'sans-serif' not found because none of the following families were found: Arial, Liberation Sans, Bitstream Vera Sans, sans-serif
2025-06-30 21:38:56,979:WARNING:WARNING:matplotlib.font_manager:findfont: Generic family 'sans-serif' not found because none of the following families were found: Arial, Liberation Sans, Bitstream Vera Sans, sans-serif
2025-06-30 21:38:56,981:WARNING:WARNING:matplotlib.font_manager:findfont: Generic family 'sans-serif' not found because none of the following families were found: Arial, Liberation Sans, Bitstream Vera Sans, sans-serif
2025-06-30 21:38:56,988:WARNING:WARNING:matplotlib.font_manager:findfont: Generic family 'sans-serif' not found because none of the following families were found: Arial, Liberation Sans, Bitstream Vera Sans, sans-serif
2025-06-30 21:38:56,994:WARNING:WARNING:matplotlib.font_manager:findfont: Generic family 'sans-serif' not found because none of the following families were found: Arial, Liberation Sans, Bitstream Vera Sans, sans-serif
2025-06-30 21:38:57,112:WARNING:WARNING:matplotlib.font_manager:findfont: Generic family 'sans-serif' not found because none of the following families were found: Arial, Liberation Sans, Bitstream Vera Sans, sans-serif
2025-06-30 21:38:57,115:WARNING:WARNING:matplotlib.font_manager:findfont: Generic family 'sans-serif' not found because none of the following families were found: Arial, Liberation Sans, Bitstream Vera Sans, sans-serif
2025-06-30 21:38:57,158:WARNING:WARNING:matplotlib.font_manager:findfont: Generic family 'sans-serif' not found because none of the following families were found: Arial, Liberation Sans, Bitstream Vera Sans, sans-serif
2025-06-30 21:38:57,161:WARNING:WARNING:matplotlib.font_manager:findfont: Generic family 'sans-serif' not found because none of the following families were found: Arial, Liberation Sans, Bitstream Vera Sans, sans-serif
2025-06-30 21:38:57,214:WARNING:WARNING:matplotlib.font_manager:findfont: Generic family 'sans-serif' not found because none of the following families were found: Arial, Liberation Sans, Bitstream Vera Sans, sans-serif
2025-06-30 21:38:57,218:WARNING:WARNING:matplotlib.font_manager:findfont: Generic family 'sans-serif' not found because none of the following families were found: Arial, Liberation Sans, Bitstream Vera Sans, sans-serif
2025-06-30 21:38:57,266:WARNING:WARNING:matplotlib.font_manager:findfont: Generic family 'sans-serif' not found because none of the following families were found: Arial, Liberation Sans, Bitstream Vera Sans, sans-serif
2025-06-30 21:38:57,268:WARNING:WARNING:matplotlib.font_manager:findfont: Generic family 'sans-serif' not found because none of the following families were found: Arial, Liberation Sans, Bitstream Vera Sans, sans-serif
2025-06-30 21:38:57,276:WARNING:WARNING:matplotlib.font_manager:findfont: Generic family 'sans-serif' not found because none of the following families were found: Arial, Liberation Sans, Bitstream Vera Sans, sans-serif
2025-06-30 21:38:57,277:WARNING:WARNING:matplotlib.font_manager:findfont: Generic family 'sans-serif' not found because none of the following families were found: Arial, Liberation Sans, Bitstream Vera Sans, sans-serif
2025-06-30 21:38:57,278:WARNING:WARNING:matplotlib.font_manager:findfont: Generic family 'sans-serif' not found because none of the following families were found: Arial, Liberation Sans, Bitstream Vera Sans, sans-serif
2025-06-30 21:38:57,279:WARNING:WARNING:matplotlib.font_manager:findfont: Generic family 'sans-serif' not found because none of the following families were found: Arial, Liberation Sans, Bitstream Vera Sans, sans-serif
2025-06-30 21:38:57,284:WARNING:WARNING:matplotlib.font_manager:findfont: Generic family 'sans-serif' not found because none of the following families were found: Arial, Liberation Sans, Bitstream Vera Sans, sans-serif
2025-06-30 21:38:57,286:WARNING:WARNING:matplotlib.font_manager:findfont: Generic family 'sans-serif' not found because none of the following families were found: Arial, Liberation Sans, Bitstream Vera Sans, sans-serif
2025-06-30 21:38:57,286:WARNING:WARNING:matplotlib.font_manager:findfont: Generic family 'sans-serif' not found because none of the following families were found: Arial, Liberation Sans, Bitstream Vera Sans, sans-serif
2025-06-30 21:38:57,288:WARNING:WARNING:matplotlib.font_manager:findfont: Generic family 'sans-serif' not found because none of the following families were found: Arial, Liberation Sans, Bitstream Vera Sans, sans-serif
2025-06-30 21:38:57,289:WARNING:WARNING:matplotlib.font_manager:findfont: Generic family 'sans-serif' not found because none of the following families were found: Arial, Liberation Sans, Bitstream Vera Sans, sans-serif
2025-06-30 21:38:57,294:WARNING:WARNING:matplotlib.font_manager:findfont: Generic family 'sans-serif' not found because none of the following families were found: Arial, Liberation Sans, Bitstream Vera Sans, sans-serif
2025-06-30 21:38:57,296:WARNING:WARNING:matplotlib.font_manager:findfont: Generic family 'sans-serif' not found because none of the following families were found: Arial, Liberation Sans, Bitstream Vera Sans, sans-serif
2025-06-30 21:38:57,297:WARNING:WARNING:matplotlib.font_manager:findfont: Generic family 'sans-serif' not found because none of the following families were found: Arial, Liberation Sans, Bitstream Vera Sans, sans-serif
2025-06-30 21:38:57,298:WARNING:WARNING:matplotlib.font_manager:findfont: Generic family 'sans-serif' not found because none of the following families were found: Arial, Liberation Sans, Bitstream Vera Sans, sans-serif
2025-06-30 21:38:57,298:WARNING:WARNING:matplotlib.font_manager:findfont: Generic family 'sans-serif' not found because none of the following families were found: Arial, Liberation Sans, Bitstream Vera Sans, sans-serif
2025-06-30 21:38:57,300:WARNING:WARNING:matplotlib.font_manager:findfont: Generic family 'sans-serif' not found because none of the following families were found: Arial, Liberation Sans, Bitstream Vera Sans, sans-serif
2025-06-30 21:38:57,302:WARNING:WARNING:matplotlib.font_manager:findfont: Generic family 'sans-serif' not found because none of the following families were found: Arial, Liberation Sans, Bitstream Vera Sans, sans-serif
2025-06-30 21:38:57,304:WARNING:WARNING:matplotlib.font_manager:findfont: Generic family 'sans-serif' not found because none of the following families were found: Arial, Liberation Sans, Bitstream Vera Sans, sans-serif
2025-06-30 21:38:57,305:WARNING:WARNING:matplotlib.font_manager:findfont: Generic family 'sans-serif' not found because none of the following families were found: Arial, Liberation Sans, Bitstream Vera Sans, sans-serif
2025-06-30 21:38:57,307:WARNING:WARNING:matplotlib.font_manager:findfont: Generic family 'sans-serif' not found because none of the following families were found: Arial, Liberation Sans, Bitstream Vera Sans, sans-serif
2025-06-30 21:38:57,309:WARNING:WARNING:matplotlib.font_manager:findfont: Generic family 'sans-serif' not found because none of the following families were found: Arial, Liberation Sans, Bitstream Vera Sans, sans-serif
2025-06-30 21:38:57,310:WARNING:WARNING:matplotlib.font_manager:findfont: Generic family 'sans-serif' not found because none of the following families were found: Arial, Liberation Sans, Bitstream Vera Sans, sans-serif
2025-06-30 21:38:57,317:WARNING:WARNING:matplotlib.font_manager:findfont: Generic family 'sans-serif' not found because none of the following families were found: Arial, Liberation Sans, Bitstream Vera Sans, sans-serif
2025-06-30 21:38:57,320:WARNING:WARNING:matplotlib.font_manager:findfont: Generic family 'sans-serif' not found because none of the following families were found: Arial, Liberation Sans, Bitstream Vera Sans, sans-serif
2025-06-30 21:38:57,322:WARNING:WARNING:matplotlib.font_manager:findfont: Generic family 'sans-serif' not found because none of the following families were found: Arial, Liberation Sans, Bitstream Vera Sans, sans-serif
2025-06-30 21:38:57,327:WARNING:WARNING:matplotlib.font_manager:findfont: Generic family 'sans-serif' not found because none of the following families were found: Arial, Liberation Sans, Bitstream Vera Sans, sans-serif
2025-06-30 21:38:57,329:WARNING:WARNING:matplotlib.font_manager:findfont: Generic family 'sans-serif' not found because none of the following families were found: Arial, Liberation Sans, Bitstream Vera Sans, sans-serif
2025-06-30 21:38:57,331:WARNING:WARNING:matplotlib.font_manager:findfont: Generic family 'sans-serif' not found because none of the following families were found: Arial, Liberation Sans, Bitstream Vera Sans, sans-serif
2025-06-30 21:38:57,333:WARNING:WARNING:matplotlib.font_manager:findfont: Generic family 'sans-serif' not found because none of the following families were found: Arial, Liberation Sans, Bitstream Vera Sans, sans-serif
2025-06-30 21:38:57,334:WARNING:WARNING:matplotlib.font_manager:findfont: Generic family 'sans-serif' not found because none of the following families were found: Arial, Liberation Sans, Bitstream Vera Sans, sans-serif
2025-06-30 21:38:57,348:WARNING:WARNING:matplotlib.font_manager:findfont: Generic family 'sans-serif' not found because none of the following families were found: Arial, Liberation Sans, Bitstream Vera Sans, sans-serif
2025-06-30 21:38:57,353:WARNING:WARNING:matplotlib.font_manager:findfont: Generic family 'sans-serif' not found because none of the following families were found: Arial, Liberation Sans, Bitstream Vera Sans, sans-serif
2025-06-30 21:38:57,367:WARNING:WARNING:matplotlib.font_manager:findfont: Generic family 'sans-serif' not found because none of the following families were found: Arial, Liberation Sans, Bitstream Vera Sans, sans-serif
2025-06-30 21:38:57,369:WARNING:WARNING:matplotlib.font_manager:findfont: Generic family 'sans-serif' not found because none of the following families were found: Arial, Liberation Sans, Bitstream Vera Sans, sans-serif
2025-06-30 21:38:57,382:WARNING:WARNING:matplotlib.font_manager:findfont: Generic family 'sans-serif' not found because none of the following families were found: Arial, Liberation Sans, Bitstream Vera Sans, sans-serif
2025-06-30 21:38:57,403:WARNING:WARNING:matplotlib.font_manager:findfont: Generic family 'sans-serif' not found because none of the following families were found: Arial, Liberation Sans, Bitstream Vera Sans, sans-serif
2025-06-30 21:38:57,404:WARNING:WARNING:matplotlib.font_manager:findfont: Generic family 'sans-serif' not found because none of the following families were found: Arial, Liberation Sans, Bitstream Vera Sans, sans-serif
2025-06-30 21:38:57,407:WARNING:WARNING:matplotlib.font_manager:findfont: Generic family 'sans-serif' not found because none of the following families were found: Arial, Liberation Sans, Bitstream Vera Sans, sans-serif
2025-06-30 21:38:57,408:WARNING:WARNING:matplotlib.font_manager:findfont: Generic family 'sans-serif' not found because none of the following families were found: Arial, Liberation Sans, Bitstream Vera Sans, sans-serif
2025-06-30 21:38:57,409:WARNING:WARNING:matplotlib.font_manager:findfont: Generic family 'sans-serif' not found because none of the following families were found: Arial, Liberation Sans, Bitstream Vera Sans, sans-serif
2025-06-30 21:38:57,410:WARNING:WARNING:matplotlib.font_manager:findfont: Generic family 'sans-serif' not found because none of the following families were found: Arial, Liberation Sans, Bitstream Vera Sans, sans-serif
2025-06-30 21:38:57,411:WARNING:WARNING:matplotlib.font_manager:findfont: Generic family 'sans-serif' not found because none of the following families were found: Arial, Liberation Sans, Bitstream Vera Sans, sans-serif
2025-06-30 21:38:57,418:WARNING:WARNING:matplotlib.font_manager:findfont: Generic family 'sans-serif' not found because none of the following families were found: Arial, Liberation Sans, Bitstream Vera Sans, sans-serif
2025-06-30 21:38:57,423:WARNING:WARNING:matplotlib.font_manager:findfont: Generic family 'sans-serif' not found because none of the following families were found: Arial, Liberation Sans, Bitstream Vera Sans, sans-serif
2025-06-30 21:38:57,425:WARNING:WARNING:matplotlib.font_manager:findfont: Generic family 'sans-serif' not found because none of the following families were found: Arial, Liberation Sans, Bitstream Vera Sans, sans-serif
2025-06-30 21:38:57,426:WARNING:WARNING:matplotlib.font_manager:findfont: Generic family 'sans-serif' not found because none of the following families were found: Arial, Liberation Sans, Bitstream Vera Sans, sans-serif
2025-06-30 21:38:57,431:WARNING:WARNING:matplotlib.font_manager:findfont: Generic family 'sans-serif' not found because none of the following families were found: Arial, Liberation Sans, Bitstream Vera Sans, sans-serif
2025-06-30 21:38:57,437:WARNING:WARNING:matplotlib.font_manager:findfont: Generic family 'sans-serif' not found because none of the following families were found: Arial, Liberation Sans, Bitstream Vera Sans, sans-serif
2025-06-30 21:38:57,443:WARNING:WARNING:matplotlib.font_manager:findfont: Generic family 'sans-serif' not found because none of the following families were found: Arial, Liberation Sans, Bitstream Vera Sans, sans-serif
2025-06-30 21:38:57,444:WARNING:WARNING:matplotlib.font_manager:findfont: Generic family 'sans-serif' not found because none of the following families were found: Arial, Liberation Sans, Bitstream Vera Sans, sans-serif
2025-06-30 21:38:57,446:WARNING:WARNING:matplotlib.font_manager:findfont: Generic family 'sans-serif' not found because none of the following families were found: Arial, Liberation Sans, Bitstream Vera Sans, sans-serif
2025-06-30 21:38:57,447:WARNING:WARNING:matplotlib.font_manager:findfont: Generic family 'sans-serif' not found because none of the following families were found: Arial, Liberation Sans, Bitstream Vera Sans, sans-serif
2025-06-30 21:38:57,449:WARNING:WARNING:matplotlib.font_manager:findfont: Generic family 'sans-serif' not found because none of the following families were found: Arial, Liberation Sans, Bitstream Vera Sans, sans-serif
2025-06-30 21:38:57,456:WARNING:WARNING:matplotlib.font_manager:findfont: Generic family 'sans-serif' not found because none of the following families were found: Arial, Liberation Sans, Bitstream Vera Sans, sans-serif
2025-06-30 21:38:57,613:INFO:Visual Rendered Successfully
2025-06-30 21:38:58,065:INFO:plot_model() successfully completed......................................
2025-06-30 21:39:58,237:INFO:Initializing plot_model()
2025-06-30 21:39:58,246:INFO:plot_model(self=<pycaret.regression.oop.RegressionExperiment object at 0xfff2c44316d0>, estimator=<catboost.core.CatBoostRegressor object at 0xfff2c411b050>, plot=feature, scale=1, save=False, fold=None, fit_kwargs=None, plot_kwargs=None, groups=None, feature_name=None, label=False, verbose=True, system=True, display=None, display_format=None)
2025-06-30 21:39:58,252:INFO:Checking exceptions
2025-06-30 21:39:58,262:INFO:Preloading libraries
2025-06-30 21:39:58,266:INFO:Copying training dataset
2025-06-30 21:39:58,267:INFO:Plot type: feature
2025-06-30 21:39:58,269:WARNING:No coef_ found. Trying feature_importances_
2025-06-30 21:39:58,928:WARNING:WARNING:matplotlib.font_manager:findfont: Generic family 'sans-serif' not found because none of the following families were found: Arial, Liberation Sans, Bitstream Vera Sans, sans-serif
2025-06-30 21:39:58,928:WARNING:WARNING:matplotlib.font_manager:findfont: Generic family 'sans-serif' not found because none of the following families were found: Arial, Liberation Sans, Bitstream Vera Sans, sans-serif
2025-06-30 21:39:58,930:WARNING:WARNING:matplotlib.font_manager:findfont: Generic family 'sans-serif' not found because none of the following families were found: Arial, Liberation Sans, Bitstream Vera Sans, sans-serif
2025-06-30 21:39:58,931:WARNING:WARNING:matplotlib.font_manager:findfont: Generic family 'sans-serif' not found because none of the following families were found: Arial, Liberation Sans, Bitstream Vera Sans, sans-serif
2025-06-30 21:39:58,932:WARNING:WARNING:matplotlib.font_manager:findfont: Generic family 'sans-serif' not found because none of the following families were found: Arial, Liberation Sans, Bitstream Vera Sans, sans-serif
2025-06-30 21:39:58,933:WARNING:WARNING:matplotlib.font_manager:findfont: Generic family 'sans-serif' not found because none of the following families were found: Arial, Liberation Sans, Bitstream Vera Sans, sans-serif
2025-06-30 21:39:58,934:WARNING:WARNING:matplotlib.font_manager:findfont: Generic family 'sans-serif' not found because none of the following families were found: Arial, Liberation Sans, Bitstream Vera Sans, sans-serif
2025-06-30 21:39:58,935:WARNING:WARNING:matplotlib.font_manager:findfont: Generic family 'sans-serif' not found because none of the following families were found: Arial, Liberation Sans, Bitstream Vera Sans, sans-serif
2025-06-30 21:39:58,938:WARNING:WARNING:matplotlib.font_manager:findfont: Generic family 'sans-serif' not found because none of the following families were found: Arial, Liberation Sans, Bitstream Vera Sans, sans-serif
2025-06-30 21:39:58,939:WARNING:WARNING:matplotlib.font_manager:findfont: Generic family 'sans-serif' not found because none of the following families were found: Arial, Liberation Sans, Bitstream Vera Sans, sans-serif
2025-06-30 21:39:58,940:WARNING:WARNING:matplotlib.font_manager:findfont: Generic family 'sans-serif' not found because none of the following families were found: Arial, Liberation Sans, Bitstream Vera Sans, sans-serif
2025-06-30 21:39:58,946:WARNING:WARNING:matplotlib.font_manager:findfont: Generic family 'sans-serif' not found because none of the following families were found: Arial, Liberation Sans, Bitstream Vera Sans, sans-serif
2025-06-30 21:39:58,947:WARNING:WARNING:matplotlib.font_manager:findfont: Generic family 'sans-serif' not found because none of the following families were found: Arial, Liberation Sans, Bitstream Vera Sans, sans-serif
2025-06-30 21:39:58,948:WARNING:WARNING:matplotlib.font_manager:findfont: Generic family 'sans-serif' not found because none of the following families were found: Arial, Liberation Sans, Bitstream Vera Sans, sans-serif
2025-06-30 21:39:58,949:WARNING:WARNING:matplotlib.font_manager:findfont: Generic family 'sans-serif' not found because none of the following families were found: Arial, Liberation Sans, Bitstream Vera Sans, sans-serif
2025-06-30 21:39:58,964:WARNING:WARNING:matplotlib.font_manager:findfont: Generic family 'sans-serif' not found because none of the following families were found: Arial, Liberation Sans, Bitstream Vera Sans, sans-serif
2025-06-30 21:39:58,968:WARNING:WARNING:matplotlib.font_manager:findfont: Generic family 'sans-serif' not found because none of the following families were found: Arial, Liberation Sans, Bitstream Vera Sans, sans-serif
2025-06-30 21:39:58,970:WARNING:WARNING:matplotlib.font_manager:findfont: Generic family 'sans-serif' not found because none of the following families were found: Arial, Liberation Sans, Bitstream Vera Sans, sans-serif
2025-06-30 21:39:58,971:WARNING:WARNING:matplotlib.font_manager:findfont: Generic family 'sans-serif' not found because none of the following families were found: Arial, Liberation Sans, Bitstream Vera Sans, sans-serif
2025-06-30 21:39:58,972:WARNING:WARNING:matplotlib.font_manager:findfont: Generic family 'sans-serif' not found because none of the following families were found: Arial, Liberation Sans, Bitstream Vera Sans, sans-serif
2025-06-30 21:39:58,982:WARNING:WARNING:matplotlib.font_manager:findfont: Generic family 'sans-serif' not found because none of the following families were found: Arial, Liberation Sans, Bitstream Vera Sans, sans-serif
2025-06-30 21:39:59,089:WARNING:WARNING:matplotlib.font_manager:findfont: Generic family 'sans-serif' not found because none of the following families were found: Arial, Liberation Sans, Bitstream Vera Sans, sans-serif
2025-06-30 21:39:59,092:WARNING:WARNING:matplotlib.font_manager:findfont: Generic family 'sans-serif' not found because none of the following families were found: Arial, Liberation Sans, Bitstream Vera Sans, sans-serif
2025-06-30 21:39:59,097:WARNING:WARNING:matplotlib.font_manager:findfont: Generic family 'sans-serif' not found because none of the following families were found: Arial, Liberation Sans, Bitstream Vera Sans, sans-serif
2025-06-30 21:39:59,098:WARNING:WARNING:matplotlib.font_manager:findfont: Generic family 'sans-serif' not found because none of the following families were found: Arial, Liberation Sans, Bitstream Vera Sans, sans-serif
2025-06-30 21:39:59,099:WARNING:WARNING:matplotlib.font_manager:findfont: Generic family 'sans-serif' not found because none of the following families were found: Arial, Liberation Sans, Bitstream Vera Sans, sans-serif
2025-06-30 21:39:59,101:WARNING:WARNING:matplotlib.font_manager:findfont: Generic family 'sans-serif' not found because none of the following families were found: Arial, Liberation Sans, Bitstream Vera Sans, sans-serif
2025-06-30 21:39:59,102:WARNING:WARNING:matplotlib.font_manager:findfont: Generic family 'sans-serif' not found because none of the following families were found: Arial, Liberation Sans, Bitstream Vera Sans, sans-serif
2025-06-30 21:39:59,103:WARNING:WARNING:matplotlib.font_manager:findfont: Generic family 'sans-serif' not found because none of the following families were found: Arial, Liberation Sans, Bitstream Vera Sans, sans-serif
2025-06-30 21:39:59,104:WARNING:WARNING:matplotlib.font_manager:findfont: Generic family 'sans-serif' not found because none of the following families were found: Arial, Liberation Sans, Bitstream Vera Sans, sans-serif
2025-06-30 21:39:59,105:WARNING:WARNING:matplotlib.font_manager:findfont: Generic family 'sans-serif' not found because none of the following families were found: Arial, Liberation Sans, Bitstream Vera Sans, sans-serif
2025-06-30 21:39:59,107:WARNING:WARNING:matplotlib.font_manager:findfont: Generic family 'sans-serif' not found because none of the following families were found: Arial, Liberation Sans, Bitstream Vera Sans, sans-serif
2025-06-30 21:39:59,113:WARNING:WARNING:matplotlib.font_manager:findfont: Generic family 'sans-serif' not found because none of the following families were found: Arial, Liberation Sans, Bitstream Vera Sans, sans-serif
2025-06-30 21:39:59,114:WARNING:WARNING:matplotlib.font_manager:findfont: Generic family 'sans-serif' not found because none of the following families were found: Arial, Liberation Sans, Bitstream Vera Sans, sans-serif
2025-06-30 21:39:59,118:WARNING:WARNING:matplotlib.font_manager:findfont: Generic family 'sans-serif' not found because none of the following families were found: Arial, Liberation Sans, Bitstream Vera Sans, sans-serif
2025-06-30 21:39:59,119:WARNING:WARNING:matplotlib.font_manager:findfont: Generic family 'sans-serif' not found because none of the following families were found: Arial, Liberation Sans, Bitstream Vera Sans, sans-serif
2025-06-30 21:39:59,123:WARNING:WARNING:matplotlib.font_manager:findfont: Generic family 'sans-serif' not found because none of the following families were found: Arial, Liberation Sans, Bitstream Vera Sans, sans-serif
2025-06-30 21:39:59,132:WARNING:WARNING:matplotlib.font_manager:findfont: Generic family 'sans-serif' not found because none of the following families were found: Arial, Liberation Sans, Bitstream Vera Sans, sans-serif
2025-06-30 21:39:59,133:WARNING:WARNING:matplotlib.font_manager:findfont: Generic family 'sans-serif' not found because none of the following families were found: Arial, Liberation Sans, Bitstream Vera Sans, sans-serif
2025-06-30 21:39:59,134:WARNING:WARNING:matplotlib.font_manager:findfont: Generic family 'sans-serif' not found because none of the following families were found: Arial, Liberation Sans, Bitstream Vera Sans, sans-serif
2025-06-30 21:39:59,135:WARNING:WARNING:matplotlib.font_manager:findfont: Generic family 'sans-serif' not found because none of the following families were found: Arial, Liberation Sans, Bitstream Vera Sans, sans-serif
2025-06-30 21:39:59,147:WARNING:WARNING:matplotlib.font_manager:findfont: Generic family 'sans-serif' not found because none of the following families were found: Arial, Liberation Sans, Bitstream Vera Sans, sans-serif
2025-06-30 21:39:59,149:WARNING:WARNING:matplotlib.font_manager:findfont: Generic family 'sans-serif' not found because none of the following families were found: Arial, Liberation Sans, Bitstream Vera Sans, sans-serif
2025-06-30 21:39:59,156:WARNING:WARNING:matplotlib.font_manager:findfont: Generic family 'sans-serif' not found because none of the following families were found: Arial, Liberation Sans, Bitstream Vera Sans, sans-serif
2025-06-30 21:39:59,158:WARNING:WARNING:matplotlib.font_manager:findfont: Generic family 'sans-serif' not found because none of the following families were found: Arial, Liberation Sans, Bitstream Vera Sans, sans-serif
2025-06-30 21:39:59,160:WARNING:WARNING:matplotlib.font_manager:findfont: Generic family 'sans-serif' not found because none of the following families were found: Arial, Liberation Sans, Bitstream Vera Sans, sans-serif
2025-06-30 21:39:59,166:WARNING:WARNING:matplotlib.font_manager:findfont: Generic family 'sans-serif' not found because none of the following families were found: Arial, Liberation Sans, Bitstream Vera Sans, sans-serif
2025-06-30 21:39:59,167:WARNING:WARNING:matplotlib.font_manager:findfont: Generic family 'sans-serif' not found because none of the following families were found: Arial, Liberation Sans, Bitstream Vera Sans, sans-serif
2025-06-30 21:39:59,180:WARNING:WARNING:matplotlib.font_manager:findfont: Generic family 'sans-serif' not found because none of the following families were found: Arial, Liberation Sans, Bitstream Vera Sans, sans-serif
2025-06-30 21:39:59,183:WARNING:WARNING:matplotlib.font_manager:findfont: Generic family 'sans-serif' not found because none of the following families were found: Arial, Liberation Sans, Bitstream Vera Sans, sans-serif
2025-06-30 21:39:59,186:WARNING:WARNING:matplotlib.font_manager:findfont: Generic family 'sans-serif' not found because none of the following families were found: Arial, Liberation Sans, Bitstream Vera Sans, sans-serif
2025-06-30 21:39:59,188:WARNING:WARNING:matplotlib.font_manager:findfont: Generic family 'sans-serif' not found because none of the following families were found: Arial, Liberation Sans, Bitstream Vera Sans, sans-serif
2025-06-30 21:39:59,193:WARNING:WARNING:matplotlib.font_manager:findfont: Generic family 'sans-serif' not found because none of the following families were found: Arial, Liberation Sans, Bitstream Vera Sans, sans-serif
2025-06-30 21:39:59,195:WARNING:WARNING:matplotlib.font_manager:findfont: Generic family 'sans-serif' not found because none of the following families were found: Arial, Liberation Sans, Bitstream Vera Sans, sans-serif
2025-06-30 21:39:59,197:WARNING:WARNING:matplotlib.font_manager:findfont: Generic family 'sans-serif' not found because none of the following families were found: Arial, Liberation Sans, Bitstream Vera Sans, sans-serif
2025-06-30 21:39:59,200:WARNING:WARNING:matplotlib.font_manager:findfont: Generic family 'sans-serif' not found because none of the following families were found: Arial, Liberation Sans, Bitstream Vera Sans, sans-serif
2025-06-30 21:39:59,202:WARNING:WARNING:matplotlib.font_manager:findfont: Generic family 'sans-serif' not found because none of the following families were found: Arial, Liberation Sans, Bitstream Vera Sans, sans-serif
2025-06-30 21:39:59,203:WARNING:WARNING:matplotlib.font_manager:findfont: Generic family 'sans-serif' not found because none of the following families were found: Arial, Liberation Sans, Bitstream Vera Sans, sans-serif
2025-06-30 21:39:59,210:WARNING:WARNING:matplotlib.font_manager:findfont: Generic family 'sans-serif' not found because none of the following families were found: Arial, Liberation Sans, Bitstream Vera Sans, sans-serif
2025-06-30 21:39:59,213:WARNING:WARNING:matplotlib.font_manager:findfont: Generic family 'sans-serif' not found because none of the following families were found: Arial, Liberation Sans, Bitstream Vera Sans, sans-serif
2025-06-30 21:39:59,235:INFO:Visual Rendered Successfully
2025-06-30 21:39:59,734:INFO:plot_model() successfully completed......................................
